config_hash,geometry,dim,curvature,epochs,batch_size,lr,lr_proto,weight_decay,dropout,seed,tree_loss_weight,tree_hierarchy,train_seconds,loss,top1_accuracy,top5_accuracy,balanced_accuracy,num_samples,split,checkpoint,device,embedding_dim,epoch,dropped_missing_feature_rows,prototype_tree_pearson,prototype_tree_spearman,class_center_tree_pearson,class_center_tree_spearman,mean_tree_distance_all_predictions,median_tree_distance_all_predictions,mean_tree_distance_mistakes,median_tree_distance_mistakes,mistakes_within_tree_distance_2,tree_distortion_scale,tree_distortion_average,tree_distortion_worst_case,dendrogram_cluster_precision,dendrogram_cluster_recall,dendrogram_cluster_f1,dendrogram_exact_cluster_matches,dendrogram_num_predicted_clusters,dendrogram_num_ground_truth_clusters,knn_siblings_valid_queries,knn_siblings_recall_at_5,knn_siblings_recall_at_10,knn_cousins_valid_queries,knn_cousins_recall_at_5,knn_cousins_recall_at_10,frechet_style,frechet_sample_size,frechet_trials,frechet_nearest_prototype_accuracy,frechet_target_prototype_distance_mean,frechet_target_prototype_distance_std,frechet_best_other_margin_mean,frechet_holdout_same_style_distance_mean
41020fe9fa,euclidean,2,,30,4096,0.001,0.01,0.0001,0.1,0,0.0,default,8.755918264389038,1.5738754742346943,0.5360140862372548,0.9055321239916464,0.3616673449891187,24421,val,/Users/peterflo/Desktop/projects/research/hyperbolic/data/runs/sweep/41020fe9fa/ckpt.pt,mps,2,30,0,-0.0564732218743133,-0.0308898114558892,0.210098220848852,0.2313687311706081,1.4155439990172392,0.0,3.050833995234313,2.0,0.629511958344365,1.0462833918248935,1.8778021804003535,5.826803708205502,0.0,0.0,0.0,0,25,14,17172,0.2143023526671325,0.3084090379687864,11892,0.3186175580221998,0.4049781365623949,Cubism,8,100,0.86,0.6909682058542966,0.4207031117020779,0.7002389995008707,1.61350842833519
1106fdeaef,euclidean,2,,30,4096,0.001,0.01,0.0001,0.1,1,0.0,default,7.720734119415283,1.6003343785728286,0.5247123377421072,0.904057982883584,0.3562259440116084,24421,val,/Users/peterflo/Desktop/projects/research/hyperbolic/data/runs/sweep/1106fdeaef/ckpt.pt,mps,2,30,0,-0.0637492636321848,-0.030583284743442,0.2052168247031876,0.2409125796929737,1.4956389992219812,0.0,3.1468079607133626,2.0,0.6001550788317395,1.0660454947005638,1.8895580720737024,5.4842965720767864,0.04,0.0714285714285714,0.0512820512820512,1,25,14,17172,0.2067318891218262,0.3053226182157,11892,0.3340901446350487,0.4196939118735284,Cubism,8,100,0.78,0.6150005792081356,0.3753007092854769,0.592059787735343,1.2224431872367858
7922a10f9c,euclidean,2,,30,4096,0.001,0.01,0.0001,0.1,2,0.0,default,7.458842992782593,1.592710610352962,0.5341714098521764,0.9022562548626184,0.3662078405832868,24421,val,/Users/peterflo/Desktop/projects/research/hyperbolic/data/runs/sweep/7922a10f9c/ckpt.pt,mps,2,30,0,-0.0421111638789728,-0.0110941770357289,0.2301726467942296,0.2592544415141915,1.4492854510462307,0.0,3.1111990154711675,2.0,0.6146272855133614,1.0090211955063064,1.8645754359963784,5.677214868917435,0.0,0.0,0.0,0,25,14,17172,0.2414395527603074,0.342359655252737,11892,0.334510595358224,0.4225529767911201,Cubism,8,100,0.83,0.7222325618099421,0.4202502452682322,0.6373165595997125,1.4233360660076142
48c2c0615d,euclidean,4,,30,4096,0.001,0.01,0.0001,0.1,0,0.0,default,8.34946894645691,1.2342346709647658,0.620490561402072,0.9396830596617664,0.4882791555235691,24421,val,/Users/peterflo/Desktop/projects/research/hyperbolic/data/runs/sweep/48c2c0615d/ckpt.pt,mps,4,30,0,-0.0577248641322651,-0.011613600483003,0.2194233677133024,0.2347201827802461,1.08566397772409,0.0,2.8607034958998705,2.0,0.6523521795425119,1.570473254919638,1.82626839449533,4.731344845442026,0.0,0.0,0.0,0,25,14,17172,0.1600861868157465,0.2387607733519683,11892,0.2692566431214261,0.3425832492431887,Cubism,8,100,0.91,1.5950912022590638,0.4371212752012001,1.6579854011535644,3.052649881839752
1227ee9ecc,euclidean,4,,30,4096,0.001,0.01,0.0001,0.1,1,0.0,default,7.833779335021973,1.259530808956772,0.6143892551492568,0.9385365054666066,0.4742528443682509,24421,val,/Users/peterflo/Desktop/projects/research/hyperbolic/data/runs/sweep/1227ee9ecc/ckpt.pt,mps,4,30,0,-0.0954961705348558,-0.0466643727300383,0.1361229688811691,0.155335198139066,1.0954915851111748,0.0,2.840925984920888,2.0,0.6588085377508761,1.4687920469236782,1.8445361205884312,4.461133396797927,0.04,0.0714285714285714,0.0512820512820512,1,25,14,17172,0.1790123456790123,0.2617051013277428,11892,0.2652203161789438,0.3446014127144298,Cubism,8,100,0.87,1.3557180750370026,0.4719665254119366,0.9663995242118836,2.5069449496269227
622f726357,euclidean,4,,30,4096,0.001,0.01,0.0001,0.1,2,0.0,default,7.691953182220459,1.2457462628972085,0.6175422791859465,0.9387821956512836,0.4839627658387146,24421,val,/Users/peterflo/Desktop/projects/research/hyperbolic/data/runs/sweep/622f726357/ckpt.pt,mps,4,30,0,0.0215953746193225,0.0725102871326098,0.3028258590150207,0.3174676261266475,1.089308382130134,0.0,2.8481798715203426,2.0,0.6533190578158459,1.5256426405127343,1.7707021036364532,4.726780809908702,0.0,0.0,0.0,0,25,14,17172,0.1622408572094106,0.2426624737945492,11892,0.2721157080390178,0.3468718466195762,Cubism,8,100,0.89,1.7250903254747392,0.5213785519311808,1.5337160193920136,3.5370520162582397
b45d305fbc,euclidean,8,,30,4096,0.001,0.01,0.0001,0.1,0,0.0,default,7.991679906845093,1.1250935923549916,0.6414561238278531,0.9504115310593342,0.5160079012316131,24421,val,/Users/peterflo/Desktop/projects/research/hyperbolic/data/runs/sweep/b45d305fbc/ckpt.pt,mps,8,30,0,-0.0327818431889646,0.0117335638918289,0.2458413657410683,0.2597416796566587,1.0034806109495926,0.0,2.798766560073093,2.0,0.6642302421196894,1.9863673504362216,1.797642530275633,4.628734751865349,0.0,0.0,0.0,0,25,14,17172,0.1558350803633822,0.2342184952247845,11892,0.2635385132862428,0.3363605785401951,Cubism,8,100,0.9,2.119288999438286,0.5286905650184085,1.6988609272241593,4.234315452575683
b1ee6c683b,euclidean,8,,30,4096,0.001,0.01,0.0001,0.1,1,0.0,default,7.992053985595703,1.1032081140571142,0.6446500962286557,0.954424470742394,0.5293063255259407,24421,val,/Users/peterflo/Desktop/projects/research/hyperbolic/data/runs/sweep/b1ee6c683b/ckpt.pt,mps,8,30,0,0.044889557912918,0.0986623102566569,0.3226207282226252,0.3372296819387624,0.9947586093935548,0.0,2.799377736805716,2.0,0.6560267342705692,2.034480826221153,1.7605597459097333,4.790911764414625,0.04,0.0714285714285714,0.0512820512820512,1,25,14,17172,0.1485557884928954,0.2192522711390636,11892,0.260343087790111,0.3299697275479313,Cubism,8,100,0.91,2.3116506791114806,0.623510664416101,2.074239528179169,4.950839252471924
7216fc89a2,euclidean,8,,30,4096,0.001,0.01,0.0001,0.1,2,0.0,default,7.876369953155518,1.1119769718395025,0.6415380205560788,0.9533598132754596,0.5207365434004414,24421,val,/Users/peterflo/Desktop/projects/research/hyperbolic/data/runs/sweep/7216fc89a2/ckpt.pt,mps,8,30,0,0.0153616663207852,0.0675679618853712,0.260140305010298,0.2784445463469449,1.0230948773596495,0.0,2.854123829106694,2.0,0.6493031756911126,1.951227477395021,1.7847813437294748,4.265475453978122,0.04,0.0714285714285714,0.0512820512820512,1,25,14,17172,0.1472746331236897,0.2182622874446773,11892,0.2595862764883955,0.3292129162462159,Cubism,8,100,0.95,2.381560184955597,0.5134805334560363,2.014285924434662,4.507762174606324
fccb806fc2,euclidean,16,,30,4096,0.001,0.01,0.0001,0.1,0,0.0,default,8.227155923843384,1.0636754878630172,0.653781581425822,0.958068875148438,0.5529848538873913,24421,val,/Users/peterflo/Desktop/projects/research/hyperbolic/data/runs/sweep/fccb806fc2/ckpt.pt,mps,16,30,0,0.0508401922032268,0.0942406624296069,0.2739186971742283,0.2970392927059316,0.978133573563736,0.0,2.8251921939680664,2.0,0.654642223536369,2.156559451286658,1.7743257267219177,4.395822484625601,0.04,0.0714285714285714,0.0512820512820512,1,25,14,17172,0.1414511996273002,0.2124970882832518,11892,0.2563908509922637,0.3294651866801211,Cubism,8,100,0.91,2.32454527258873,0.5886411047183361,2.1668801748752595,4.772217788696289
8f8d248b25,euclidean,16,,30,4096,0.001,0.01,0.0001,0.1,1,0.0,default,7.977887153625488,1.070281440569012,0.6536996846975963,0.9564309405839236,0.5554560089879764,24421,val,/Users/peterflo/Desktop/projects/research/hyperbolic/data/runs/sweep/8f8d248b25/ckpt.pt,mps,16,30,0,0.0137400727766441,0.0543023217526019,0.2689494330236019,0.2839439142288942,0.989353425330658,0.0,2.856923258838832,2.0,0.6483386543691616,2.2518960366294025,1.7803150938250494,4.469440169863516,0.0,0.0,0.0,0,25,14,17172,0.1468669927789424,0.2166317260656883,11892,0.2577362933064245,0.3335856037672385,Cubism,8,100,0.95,2.577059410214424,0.6559837907123873,2.4765926283597945,5.497828330993652
d638105e02,euclidean,16,,30,4096,0.001,0.01,0.0001,0.1,2,0.0,default,7.823743104934692,1.055767106627184,0.6553785676262234,0.9589697391589206,0.543319029325019,24421,val,/Users/peterflo/Desktop/projects/research/hyperbolic/data/runs/sweep/d638105e02/ckpt.pt,mps,16,30,0,0.0186602201982077,0.0683911254386156,0.2593931882728327,0.2737481391212831,0.976782277548012,0.0,2.8343631178707223,2.0,0.6485266159695817,2.2093127912978536,1.781457899871461,4.314892986353565,0.04,0.0714285714285714,0.0512820512820512,1,25,14,17172,0.1418588399720475,0.2174470067551828,11892,0.2572317524386142,0.3302219979818365,Cubism,8,100,0.93,2.7490354013442992,0.5807532685410745,2.045536661148071,5.253155241012573
9dc4b89d8f,euclidean,32,,30,4096,0.001,0.01,0.0001,0.1,0,0.0,default,8.203587055206299,1.0367070996572412,0.657999262929446,0.9592563777077106,0.5582267482812152,24421,val,/Users/peterflo/Desktop/projects/research/hyperbolic/data/runs/sweep/9dc4b89d8f/ckpt.pt,mps,32,30,0,0.0705150820646402,0.1178963041414197,0.2937423885324307,0.3124227537610629,0.9692887269153596,0.0,2.8341714559386975,2.0,0.6491858237547893,2.3577212549792983,1.767223396396672,4.3885549540973985,0.04,0.0714285714285714,0.0512820512820512,1,25,14,17172,0.1408688562776613,0.2121476822734684,11892,0.2587453750420451,0.3304742684157417,Cubism,8,100,0.97,2.7269534718990327,0.6486131756417484,2.717545601129532,5.75746720790863
c165248751,euclidean,32,,30,4096,0.001,0.01,0.0001,0.1,1,0.0,default,8.017014026641846,1.0330357835868922,0.6571802956471889,0.9604848286310962,0.5529988974794389,24421,val,/Users/peterflo/Desktop/projects/research/hyperbolic/data/runs/sweep/c165248751/ckpt.pt,mps,32,30,0,0.0734563386547305,0.1142830508532872,0.28758592857422,0.3044321596888612,0.9640882846730272,0.0,2.8122312470138557,2.0,0.6516961299569995,2.4017775231356717,1.7723328798761933,4.5151890063312745,0.04,0.0714285714285714,0.0512820512820512,1,25,14,17172,0.1401700442580945,0.2110994642441183,11892,0.2584931046081399,0.3318197107299024,Cubism,8,100,0.93,2.983022167682648,0.6371476273885885,2.2935216760635377,5.8410096883773805
6c512e3968,euclidean,32,,30,4096,0.001,0.01,0.0001,0.1,2,0.0,default,7.907278060913086,1.0242851573474616,0.6605790098685558,0.9633921624831088,0.5638237771508248,24421,val,/Users/peterflo/Desktop/projects/research/hyperbolic/data/runs/sweep/6c512e3968/ckpt.pt,mps,32,30,0,0.093802772929834,0.1317584173905464,0.2997320112760179,0.3235523206990471,0.9432865157036976,0.0,2.77910483773676,2.0,0.6567740378815298,2.419533268171055,1.7624387957914678,4.121263926865297,0.04,0.0714285714285714,0.0512820512820512,1,25,14,17172,0.1429070580013976,0.214011180992313,11892,0.2572317524386142,0.3308947191389169,Cubism,8,100,0.94,2.5558193242549896,0.609526952134916,2.5100863873958588,5.560733909606934
6317ccfff8,euclidean,64,,30,4096,0.001,0.01,0.0001,0.1,0,0.0,default,8.136441230773926,1.020281877068023,0.6586134883911388,0.9631464722984316,0.5626593628840835,24421,val,/Users/peterflo/Desktop/projects/research/hyperbolic/data/runs/sweep/6317ccfff8/ckpt.pt,mps,64,30,0,0.1121016523941059,0.1360715268953254,0.3172122585522073,0.3331223633222945,0.976782277548012,0.0,2.861221062732398,2.0,0.6450761664867458,2.5185181185798697,1.7573276855148807,4.2610544504517165,0.04,0.0714285714285714,0.0512820512820512,1,25,14,17172,0.141043559282553,0.2118565105986489,11892,0.2575681130171544,0.3301379078372015,Cubism,8,100,0.93,2.9628055083751677,0.6185748605080704,2.5649260342121125,5.9320345211029055
dc33b7c18f,euclidean,64,,30,4096,0.001,0.01,0.0001,0.1,1,0.0,default,8.050976991653442,1.0205370412744297,0.6591867654887187,0.9629826788419804,0.5621554955713999,24421,val,/Users/peterflo/Desktop/projects/research/hyperbolic/data/runs/sweep/dc33b7c18f/ckpt.pt,mps,64,30,0,0.1053755113307178,0.1414311464624637,0.3137519348081812,0.3338684772064557,0.9734654600548708,0.0,2.8563018142496697,2.0,0.6467619848612279,2.5412801391804885,1.759772226469702,4.278246743651354,0.04,0.0714285714285714,0.0512820512820512,1,25,14,17172,0.1447705567202422,0.2152341020265548,11892,0.255213588967373,0.3271947527749748,Cubism,8,100,0.94,3.1383151316642763,0.6783815984398817,2.4822061014175416,6.1940493535995484
4de6fd8e80,euclidean,64,,30,4096,0.001,0.01,0.0001,0.1,2,0.0,default,7.825127840042114,1.0208929254442354,0.6592686622169445,0.963883542852463,0.5674892988562455,24421,val,/Users/peterflo/Desktop/projects/research/hyperbolic/data/runs/sweep/4de6fd8e80/ckpt.pt,mps,64,30,0,0.1250523340932865,0.1559967385166565,0.3034226040401722,0.3292021653307432,0.975635723352852,0.0,2.863357769498858,2.0,0.6479990385770941,2.4967211340536952,1.7624298211244436,4.303573357160161,0.04,0.0714285714285714,0.0512820512820512,1,25,14,17172,0.1416259026321919,0.2136035406475658,11892,0.2598385469223007,0.3287083753784056,Cubism,8,100,0.95,2.7137505066394807,0.5986792199860975,2.6087255918979646,5.851315703392029
f711567ad0,hyperbolic,2,0.1,30,4096,0.001,0.01,0.0001,0.1,0,0.0,default,9.236985206604004,1.6283722652820194,0.5115269644977684,0.910773514598092,0.3383636009943112,24421,val,/Users/peterflo/Desktop/projects/research/hyperbolic/data/runs/sweep/f711567ad0/ckpt.pt,mps,2,30,0,-0.096830379825773,-0.0670291715230834,0.1108895900507894,0.1320533796861149,1.4261905736865812,0.0,2.91969150808953,2.0,0.6481683292815827,1.5175950923894157,2.4077903673108687,9.817869877227947,0.04,0.0714285714285714,0.0512820512820512,1,25,14,17172,0.2306662007919869,0.3265199161425576,11892,0.3300538176925664,0.4222166162125799,Cubism,8,100,0.67,0.7064161764830351,0.3347781300708419,0.273000018671155,1.0396417486667633
34939e126e,hyperbolic,2,0.1,30,4096,0.001,0.01,0.0001,0.1,1,0.0,default,8.99909496307373,1.6254745707270368,0.5161131812784079,0.9118791204291388,0.3415006723657338,24421,val,/Users/peterflo/Desktop/projects/research/hyperbolic/data/runs/sweep/34939e126e/ckpt.pt,mps,2,30,0,-0.0978392754363549,-0.0678735132855514,0.146422363371367,0.1668502920831144,1.4567790016788829,0.0,3.0105779808750106,2.0,0.6344249809596344,1.65166925584917,2.323626720439941,9.616085858899591,0.04,0.0714285714285714,0.0512820512820512,1,25,14,17172,0.2259492196599115,0.3325180526438388,11892,0.3225697948200471,0.4139757820383451,Cubism,8,100,0.73,0.647590481378138,0.339278719801792,0.4163641479238867,1.07990787088871
342ecb7bb9,hyperbolic,2,0.1,30,4096,0.001,0.01,0.0001,0.1,2,0.0,default,8.862180233001709,1.632375754891623,0.5090700626509971,0.9091765283976904,0.337148432175899,24421,val,/Users/peterflo/Desktop/projects/research/hyperbolic/data/runs/sweep/342ecb7bb9/ckpt.pt,mps,2,30,0,-0.1043363638339796,-0.0722806707589222,0.1649483895048695,0.1862516216868086,1.4890872609639243,0.0,3.0331970973392277,2.0,0.6329969138376845,1.6929433685272486,2.263578056161052,10.4970061447118,0.04,0.0714285714285714,0.0512820512820512,1,25,14,17172,0.2281621243885394,0.3243652457488935,11892,0.3180289270097544,0.4133871510258998,Cubism,8,100,0.65,0.7363646230101586,0.3572022862478864,0.2903527108207345,1.1672470605373382
158022d8f5,hyperbolic,2,0.3,30,4096,0.001,0.01,0.0001,0.1,0,0.0,default,9.061282873153688,1.5910382898564297,0.5229106097211417,0.9062282461815652,0.3522194988464037,24421,val,/Users/peterflo/Desktop/projects/research/hyperbolic/data/runs/sweep/158022d8f5/ckpt.pt,mps,2,30,0,-0.0919410645410778,-0.0540562644007011,0.0748960741305736,0.0958401745472857,1.4443306989885754,0.0,3.0273796240666035,2.0,0.625010728692816,2.0322803927276714,2.299052390161044,9.209994800849133,0.04,0.0714285714285714,0.0512820512820512,1,25,14,17172,0.214011180992313,0.3135336594456091,11892,0.3392196434577867,0.4421459804910864,Cubism,8,100,0.76,0.7396946355327964,0.3965534142162654,0.473897561468184,1.3827015233039857
6316eb61d8,hyperbolic,2,0.3,30,4096,0.001,0.01,0.0001,0.1,1,0.0,default,9.002321720123291,1.5956280768579063,0.5201261209614676,0.9059006592686624,0.3495155427612921,24421,val,/Users/peterflo/Desktop/projects/research/hyperbolic/data/runs/sweep/6316eb61d8/ckpt.pt,mps,2,30,0,-0.0941144443021693,-0.057478217154202,0.0980796270083234,0.123584325281848,1.5027230662135047,0.0,3.131495861421623,2.0,0.613533577950337,2.181223421055054,2.208418052587433,9.958293850383477,0.0,0.0,0.0,0,25,14,17172,0.212380619613324,0.315280689494526,11892,0.3398082744702321,0.4418937100571813,Cubism,8,100,0.92,0.7392581046372652,0.3642739767393783,0.7529505100101233,2.036478490829468
c344852257,hyperbolic,2,0.3,30,4096,0.001,0.01,0.0001,0.1,2,0.0,default,8.946961164474487,1.599102792168351,0.5168093034683264,0.9050816919864052,0.3497956182523889,24421,val,/Users/peterflo/Desktop/projects/research/hyperbolic/data/runs/sweep/c344852257/ckpt.pt,mps,2,30,0,-0.1024581038513906,-0.0638110590333599,0.105902495543767,0.127953027585839,1.4996109905409278,0.0,3.1035593220338984,2.0,0.6178813559322034,2.150637156375974,2.2161245618660743,10.905614417791902,0.04,0.0714285714285714,0.0512820512820512,1,25,14,17172,0.2167481947356161,0.3175518285581178,11892,0.3333333333333333,0.4334006054490413,Cubism,8,100,0.86,0.7618532310053706,0.3912090856482484,0.6881326939538122,2.054219584465027
f1ba90b191,hyperbolic,2,1.0,30,4096,0.001,0.01,0.0001,0.1,0,0.0,default,9.126643896102903,1.5656319038565596,0.5259817370296057,0.8998403013799599,0.3686991698238397,24421,val,/Users/peterflo/Desktop/projects/research/hyperbolic/data/runs/sweep/f1ba90b191/ckpt.pt,mps,2,30,0,-0.0586720216413619,-0.0136455939258798,0.1350271170430506,0.1599964941231202,1.5140657630727652,0.0,3.1941085003455427,2.0,0.6085003455425018,2.0650677952020793,1.9715954833932052,6.8188605751657345,0.0,0.0,0.0,0,25,14,17172,0.2126135569531796,0.3198812019566736,11892,0.3018836192398251,0.3937941473259334,Cubism,8,100,0.81,1.7263008490204812,0.8345476033542352,1.086788869202137,3.668472511768341
3a86857b00,hyperbolic,2,1.0,30,4096,0.001,0.01,0.0001,0.1,1,0.0,default,8.923484802246094,1.564561784577396,0.5262683755783957,0.8979157282666558,0.3686865316473064,24421,val,/Users/peterflo/Desktop/projects/research/hyperbolic/data/runs/sweep/3a86857b00/ckpt.pt,mps,2,30,0,-0.0575227072737951,-0.0148063548537876,0.1775228166233956,0.206941896116343,1.5336390811187093,0.0,3.2373584579479644,2.0,0.6021263722015732,2.135537226035224,1.9323291672796457,6.644459662545147,0.0,0.0,0.0,0,25,14,17172,0.2061495457721872,0.3114372233869089,11892,0.3081903800874537,0.3977463841237807,Cubism,8,100,0.86,2.2505826579034327,1.1919313223634098,1.3617626701295376,4.7041268110275265
548c10edf5,hyperbolic,2,1.0,30,4096,0.001,0.01,0.0001,0.1,2,0.0,default,8.93378472328186,1.5753916421113685,0.5256541501167028,0.8970558126202858,0.368297743552771,24421,val,/Users/peterflo/Desktop/projects/research/hyperbolic/data/runs/sweep/548c10edf5/ckpt.pt,mps,2,30,0,-0.0776505116038984,-0.0300752863827228,0.1594228162563454,0.1730068811026153,1.5333524425699194,0.0,3.2325621546961325,2.0,0.6030732044198895,2.1340898210485273,1.933206625170677,6.7785950161199375,0.0,0.0,0.0,0,25,14,17172,0.2077801071511763,0.3118448637316562,11892,0.3070131180625631,0.3958123107971745,Cubism,8,100,0.8,2.5161134669184686,1.5619511232110088,1.0380935653299093,4.968486948013306
f86f56cc05,hyperbolic,2,3.0,30,4096,0.001,0.01,0.0001,0.1,0,0.0,default,8.912669897079468,1.6692144066494408,0.5305270054461324,0.8876786372384423,0.3710950337455573,24421,val,/Users/peterflo/Desktop/projects/research/hyperbolic/data/runs/sweep/f86f56cc05/ckpt.pt,mps,2,30,0,0.0168400336691545,0.0320650627374763,0.0142480888611609,0.0418290531715085,1.5203718111461446,0.0,3.2384648931530746,2.0,0.6040994330571304,1.6687926563180828,1.8700631418201723,5.981155706085899,0.0,0.0,0.0,0,25,14,17172,0.2229792685767528,0.3428837642674121,11892,0.3220652539522368,0.4455095862764884,Cubism,8,100,0.55,3.7827162349224097,1.8862681286786311,-0.1292402732372284,5.6649947929382325
c7afb76a60,hyperbolic,2,3.0,30,4096,0.001,0.01,0.0001,0.1,1,0.0,default,9.038454055786133,1.6673724325940853,0.5284386388763769,0.8868596699561853,0.3716634667083687,24421,val,/Users/peterflo/Desktop/projects/research/hyperbolic/data/runs/sweep/c7afb76a60/ckpt.pt,mps,2,30,0,0.0175163514352749,0.0255814654479239,0.1761240151513908,0.1881200413294978,1.5274558781376684,0.0,3.2391455366446684,2.0,0.6006425842306357,1.6703499790362402,1.8577729581173843,6.010356381380397,0.0,0.0,0.0,0,25,14,17172,0.2169811320754717,0.3306545539249941,11892,0.3231584258324924,0.4388664648503195,Cubism,8,100,0.58,3.8378684693574905,1.7972299950199853,0.0817018485069275,6.127871470451355
bbee05231f,hyperbolic,2,3.0,30,4096,0.001,0.01,0.0001,0.1,2,0.0,default,8.867603778839111,1.6585446521606264,0.535399860775562,0.8852217353916711,0.3757295902978734,24421,val,/Users/peterflo/Desktop/projects/research/hyperbolic/data/runs/sweep/bbee05231f/ckpt.pt,mps,2,30,0,0.0075759858409108,0.0033681712484987,0.1268793717125846,0.1392882460818105,1.5000204741820564,0.0,3.2286268288383573,2.0,0.6099947117927023,1.6197600121416995,1.870980628798464,5.947325972183755,0.0,0.0,0.0,0,25,14,17172,0.2153505706964826,0.3338574423480084,11892,0.322485704675412,0.4353346787756475,Cubism,8,100,0.62,3.820610299706459,1.8095623947876711,0.1263486272096634,6.061483159065246
15946efe7d,hyperbolic,4,0.1,30,4096,0.001,0.01,0.0001,0.1,0,0.0,default,9.17428708076477,1.3766410428560667,0.6025142295565292,0.936775725809754,0.4445260882365028,24421,val,/Users/peterflo/Desktop/projects/research/hyperbolic/data/runs/sweep/15946efe7d/ckpt.pt,mps,4,30,0,-0.114851003983653,-0.0777375428921005,0.254089693353682,0.2790536985227716,1.1045821219442282,0.0,2.7789224271144537,2.0,0.6697228803955908,2.2729623507105363,1.86776575881566,7.437401581149061,0.0,0.0,0.0,0,25,14,17172,0.1855345911949685,0.2700908455625437,11892,0.2706020854355869,0.346535486041036,Cubism,8,100,0.93,1.5685224437713623,0.4474978930475194,1.3902873158454896,3.968402965068817
0a02c51b77,hyperbolic,4,0.1,30,4096,0.001,0.01,0.0001,0.1,1,0.0,default,9.020813941955566,1.4441998376731502,0.5759387412472872,0.9316571802956471,0.4098509655520405,24421,val,/Users/peterflo/Desktop/projects/research/hyperbolic/data/runs/sweep/0a02c51b77/ckpt.pt,mps,4,30,0,-0.103056482681703,-0.0663027032145837,0.22977369909535,0.2586494692480799,1.1907374800376724,0.0,2.8079374275782154,2.0,0.6609694862881421,2.1345470128363395,1.8860217497576857,7.510290883031669,0.04,0.0714285714285714,0.0512820512820512,1,25,14,17172,0.1931050547402748,0.278185418122525,11892,0.2878405650857719,0.3601580894719139,Cubism,8,100,0.83,1.610204456448555,0.417571380767646,0.7999785083532334,3.1771917796134947
adcf02c72b,hyperbolic,4,0.1,30,4096,0.001,0.01,0.0001,0.1,2,0.0,default,8.963245153427124,1.4233712264485032,0.5864624708242906,0.9327627861266944,0.4245437600705821,24421,val,/Users/peterflo/Desktop/projects/research/hyperbolic/data/runs/sweep/adcf02c72b/ckpt.pt,mps,4,30,0,-0.0840726132878105,-0.0443184680675508,0.2752547402986942,0.2952643637105387,1.1364399492240285,0.0,2.7480938706802656,2.0,0.6747202693335974,2.1205770307025125,1.848384974518415,7.283880852796172,0.04,0.0714285714285714,0.0512820512820512,1,25,14,17172,0.195783834148614,0.2766130910784999,11892,0.2735452404978136,0.3518331651530441,Cubism,8,100,0.92,1.6389494621753693,0.385141446955059,1.1021685242652892,3.425329616069794
445827f5b7,hyperbolic,4,0.3,30,4096,0.001,0.01,0.0001,0.1,0,0.0,default,9.120571851730348,1.340884721658431,0.6089021743581344,0.9321895090291142,0.4636103929330853,24421,val,/Users/peterflo/Desktop/projects/research/hyperbolic/data/runs/sweep/445827f5b7/ckpt.pt,mps,4,30,0,-0.0989865795031492,-0.0602274831042052,0.2191985067510231,0.2444947623188901,1.1006920273535072,0.0,2.814364987959376,2.0,0.6641189404250863,3.2733739991542588,1.8705942595361604,7.043249874668798,0.0,0.0,0.0,0,25,14,17172,0.2027137200093175,0.3028767761472164,11892,0.2895223679784729,0.3764715775311134,Cubism,8,100,0.86,5.853165049552917,1.0952072568072346,1.092485237121582,10.835345973968506
9528c9a4d2,hyperbolic,4,0.3,30,4096,0.001,0.01,0.0001,0.1,1,0.0,default,9.037817001342772,1.4051204848839138,0.5864624708242906,0.9254739773146062,0.4311937132032118,24421,val,/Users/peterflo/Desktop/projects/research/hyperbolic/data/runs/sweep/9528c9a4d2/ckpt.pt,mps,4,30,0,-0.0951864972068917,-0.0572909571989615,0.2000251897755982,0.2246314133613438,1.1729249416485812,0.0,2.8363204277651253,2.0,0.6562035845133182,3.0819054518009867,1.884317372455261,6.91915177766522,0.0,0.0,0.0,0,25,14,17172,0.2097600745399487,0.3099231306778476,11892,0.3006222670702994,0.393205516313488,Cubism,8,100,0.81,4.77352557182312,0.9696565958162534,0.8861283159255982,8.809086990356445
5e67ae3cd1,hyperbolic,4,0.3,30,4096,0.001,0.01,0.0001,0.1,2,0.0,default,9.136533975601196,1.3833352532122598,0.5948568854674255,0.925555874042832,0.4513095254198531,24421,val,/Users/peterflo/Desktop/projects/research/hyperbolic/data/runs/sweep/5e67ae3cd1/ckpt.pt,mps,4,30,0,-0.0793909342091824,-0.0389279171685201,0.2336887075073329,0.2585869099326759,1.1299701076941977,0.0,2.7890640792399433,2.0,0.6702041641398827,3.0993306627946615,1.8632708694819449,7.377667636046505,0.0,0.0,0.0,0,25,14,17172,0.2159329140461215,0.3150477521546704,11892,0.2906155398587285,0.3794147325933401,Cubism,8,100,0.89,5.473128433227539,0.9414047476058144,1.165011570453644,10.041254229545594
02aa1997f4,hyperbolic,4,1.0,30,4096,0.001,0.01,0.0001,0.1,0,0.0,default,8.898859977722168,1.4013608980469765,0.6021456942795136,0.9162196470251014,0.4613904584710392,24421,val,/Users/peterflo/Desktop/projects/research/hyperbolic/data/runs/sweep/02aa1997f4/ckpt.pt,mps,4,30,0,-0.0364557831424422,-0.0011589496336978,0.2355523193950726,0.2359189808865621,1.1517955857663489,0.0,2.8950185261424455,2.0,0.6531494442157266,2.9315563930714066,1.8553826499616837,6.008972339449247,0.0,0.0,0.0,0,25,14,17172,0.2138947123223852,0.3344397856976473,11892,0.3340060544904137,0.4480322906155398,Cubism,8,100,0.74,6.667734518051147,3.0006989893565987,0.5902883911132812,11.70596800804138
6f148a3263,hyperbolic,4,1.0,30,4096,0.001,0.01,0.0001,0.1,1,0.0,default,9.184879064559937,1.4393929039922844,0.5853568649932436,0.9113467916956718,0.4367924005077344,24421,val,/Users/peterflo/Desktop/projects/research/hyperbolic/data/runs/sweep/6f148a3263/ckpt.pt,mps,4,30,0,-0.04148004312388,-0.0150659272471008,0.2199957974332562,0.2069746387424453,1.191433602227591,0.0,2.873395220225163,2.0,0.6498123642109421,2.853051962516325,1.864060222772545,5.828673432864627,0.0,0.0,0.0,0,25,14,17172,0.2384696016771488,0.3548218029350105,11892,0.360326269761184,0.4926841574167507,Cubism,8,100,0.78,6.303937060832977,2.8904361413773936,0.9323126316070556,11.161510992050172
2c93eb7ab3,hyperbolic,4,1.0,30,4096,0.001,0.01,0.0001,0.1,2,0.0,default,8.881891012191772,1.4258820576289182,0.5907620490561402,0.9109373080545432,0.4597618169173948,24421,val,/Users/peterflo/Desktop/projects/research/hyperbolic/data/runs/sweep/2c93eb7ab3/ckpt.pt,mps,4,30,0,-0.0365036118456972,-0.0049626674745192,0.217800984757835,0.2092939313130795,1.1602309487735964,0.0,2.835101060636382,2.0,0.6616970182109265,2.858620348667817,1.8444376359876824,6.192636142705419,0.0,0.0,0.0,0,25,14,17172,0.2262403913347309,0.3350803633822501,11892,0.3285401950891355,0.4468550285906492,Cubism,8,100,0.8,6.411928243637085,2.80311904918538,0.9189015817642212,11.424047212600708
d1022cbac1,hyperbolic,4,3.0,30,4096,0.001,0.01,0.0001,0.1,0,0.0,default,9.058531045913696,1.5786127033868618,0.5873633348347733,0.8937799434912576,0.435871170557097,24421,val,/Users/peterflo/Desktop/projects/research/hyperbolic/data/runs/sweep/d1022cbac1/ckpt.pt,mps,4,30,0,0.0682961378600938,0.0629530628991556,0.1422903628730884,0.1307698687429044,1.241472503173498,0.0,3.0086335218815123,2.0,0.6380867321623499,2.0120211309434275,1.8473956517410584,5.432855477398601,0.0,0.0,0.0,0,25,14,17172,0.2350920102492429,0.379979035639413,11892,0.4357551294988227,0.5802219979818365,Cubism,8,100,0.47,6.013179178237915,2.2702458848458664,-0.2033741569519043,8.922685794830322
e0d4c4ac57,hyperbolic,4,3.0,30,4096,0.001,0.01,0.0001,0.1,1,0.0,default,9.316588878631592,1.6058672657763118,0.5635723352852053,0.8906269194545678,0.4091847856210335,24421,val,/Users/peterflo/Desktop/projects/research/hyperbolic/data/runs/sweep/e0d4c4ac57/ckpt.pt,mps,4,30,0,0.0657010992651514,0.0402287050718867,0.0014174488941236,0.0095933107873286,1.279923017075468,0.0,2.932726590354663,2.0,0.636986301369863,1.9791409706893852,1.8456708325256952,5.366949527299352,0.0,0.0,0.0,0,25,14,17172,0.2399836943862101,0.3824248777078965,11892,0.4112848974100235,0.5635721493440968,Cubism,8,100,0.59,5.2272564470767975,2.227973702639367,0.2639810073375702,8.071137108802795
28c21d873e,hyperbolic,4,3.0,30,4096,0.001,0.01,0.0001,0.1,2,0.0,default,8.954438924789429,1.5970631227861931,0.5720076982924532,0.8949674460505302,0.4250873313165859,24421,val,/Users/peterflo/Desktop/projects/research/hyperbolic/data/runs/sweep/28c21d873e/ckpt.pt,mps,4,30,0,0.0628162808938603,0.0536459365969935,-0.0899823066041794,-0.0747735689130604,1.2556406371565456,0.0,2.9337925755836203,2.0,0.6433218522770762,1.9806643358669909,1.8428373197500292,5.507017298824315,0.0,0.0,0.0,0,25,14,17172,0.2227463312368972,0.353424178895877,11892,0.3942986881937437,0.5773629330642449,Cubism,8,100,0.53,5.604524546861649,2.39727672688522,-0.0541491091251373,8.536585769653321
ef4a1edf4e,hyperbolic,8,0.1,30,4096,0.001,0.01,0.0001,0.1,0,0.0,default,9.065139293670654,1.3989132059366822,0.5908439457843659,0.9365300356250768,0.4282955604159689,24421,val,/Users/peterflo/Desktop/projects/research/hyperbolic/data/runs/sweep/ef4a1edf4e/ckpt.pt,mps,8,30,0,-0.1019248530297267,-0.0624819870742539,0.2576471216489735,0.2793497754609308,1.113345071864379,0.0,2.721076861489191,2.0,0.6817453963170537,2.186473926066508,1.8600309223511176,7.033907077977454,0.04,0.0714285714285714,0.0512820512820512,1,25,14,17172,0.1790123456790123,0.259958071278826,11892,0.2713588967373024,0.348385469223007,Cubism,8,100,0.9,1.6758678770065307,0.3982199763531569,1.172692859172821,3.743751766681671
71d63c5264,hyperbolic,8,0.1,30,4096,0.001,0.01,0.0001,0.1,1,0.0,default,9.076796293258669,1.410825498810633,0.5862577290037263,0.9359977068916095,0.4186197060072448,24421,val,/Users/peterflo/Desktop/projects/research/hyperbolic/data/runs/sweep/71d63c5264/ckpt.pt,mps,8,30,0,-0.0931722613248916,-0.0515626695949436,0.265352401301178,0.2875072872610923,1.1215756930510623,0.0,2.710807600950119,1.0,0.681215360253365,2.1007204783891185,1.8333155101916263,6.676987192616157,0.04,0.0714285714285714,0.0512820512820512,1,25,14,17172,0.1801770323782902,0.264907989750757,11892,0.2732929700639085,0.3492263706693576,Cubism,8,100,0.82,1.8614650189876556,0.437435165575641,0.7502510905265808,3.4907958054542543
6192104126,hyperbolic,8,0.1,30,4096,0.001,0.01,0.0001,0.1,2,0.0,default,9.200084924697876,1.4027069883251664,0.5903116170508989,0.9392326276565252,0.4318690499280219,24421,val,/Users/peterflo/Desktop/projects/research/hyperbolic/data/runs/sweep/6192104126/ckpt.pt,mps,8,30,0,-0.0874488586739497,-0.0474527037023228,0.2932279551499729,0.3151766176117528,1.1246877687236394,0.0,2.7452273863068464,2.0,0.6786606696651675,2.180514429451284,1.823480335214882,6.829403024461037,0.04,0.0714285714285714,0.0512820512820512,1,25,14,17172,0.182506405776846,0.2678197064989517,11892,0.2688361923982509,0.3459468550285906,Cubism,8,100,0.94,1.4949456232786178,0.464761460890303,1.3905393701791764,3.963941059112549
fb4777fbe5,hyperbolic,8,0.3,30,4096,0.001,0.01,0.0001,0.1,0,0.0,default,9.127902269363403,1.360472981845135,0.5984603415093567,0.9296097620900045,0.4418893981195166,24421,val,/Users/peterflo/Desktop/projects/research/hyperbolic/data/runs/sweep/fb4777fbe5/ckpt.pt,mps,8,30,0,-0.0927259096071619,-0.0454673859179322,0.2110277477573997,0.2336066548321199,1.1173989599115517,0.0,2.782786049357536,2.0,0.6732612686110545,3.327115626560791,1.8807071237081636,7.066291429751294,0.0,0.0,0.0,0,25,14,17172,0.1886792452830188,0.2866293966922897,11892,0.2798520013454423,0.3694080053817692,Cubism,8,100,0.91,5.698779864311218,0.9334263899405472,1.232218446731567,10.713591346740722
e507d772cd,hyperbolic,8,0.3,30,4096,0.001,0.01,0.0001,0.1,1,0.0,default,9.138667106628418,1.3706967808837986,0.5952663691085541,0.9319438188444372,0.4432341028072677,24421,val,/Users/peterflo/Desktop/projects/research/hyperbolic/data/runs/sweep/e507d772cd/ckpt.pt,mps,8,30,0,-0.0853714984046195,-0.0437165610685637,0.2294591585170262,0.2430231554384961,1.1116252405716391,0.0,2.7465600971266695,1.0,0.6787737757992716,3.203909259229694,1.8628059252817095,6.8810973844866945,0.0,0.0,0.0,0,25,14,17172,0.1932215234102026,0.2989168413696715,11892,0.2877564749411369,0.3765556676757484,Cubism,8,100,0.88,5.629846067428589,1.0020584568431956,0.981515508890152,10.384300265312197
f46aa4249b,hyperbolic,8,0.3,30,4096,0.001,0.01,0.0001,0.1,2,0.0,default,9.291830062866213,1.3632391836967248,0.5999344826174194,0.93255804430613,0.451362251476337,24421,val,/Users/peterflo/Desktop/projects/research/hyperbolic/data/runs/sweep/f46aa4249b/ckpt.pt,mps,8,30,0,-0.0796806797223234,-0.0348310483263402,0.2197931443955321,0.2445836550654998,1.1006920273535072,0.0,2.751279426816786,1.0,0.679324462640737,3.268320914601216,1.865124595884731,7.002768470747985,0.0,0.0,0.0,0,25,14,17172,0.1945026787794083,0.2884346610761705,11892,0.2875882946518668,0.3757147662293979,Cubism,8,100,0.92,5.387624986171723,1.0727132467569358,1.283343870639801,10.29265525817871
729dd93150,hyperbolic,8,1.0,30,4096,0.001,0.01,0.0001,0.1,0,0.0,default,9.293527841567991,1.411975197668846,0.5962900782113755,0.91376274517833,0.4574988264720451,24421,val,/Users/peterflo/Desktop/projects/research/hyperbolic/data/runs/sweep/729dd93150/ckpt.pt,mps,8,30,0,-0.0465391709372,-0.0095143104937116,0.1746935976417793,0.1598174546569863,1.170140452888907,0.0,2.8984684045034994,2.0,0.655847449031342,3.00626110811197,1.857236619746011,5.8931360654538185,0.0,0.0,0.0,0,25,14,17172,0.2108665269042627,0.3389820638248311,11892,0.3747056844937773,0.4968886646485032,Cubism,8,100,0.83,6.639357600212097,3.028752687555111,0.9455302476882934,12.015906114578248
d903d9bfc5,hyperbolic,8,1.0,30,4096,0.001,0.01,0.0001,0.1,1,0.0,default,9.207076787948608,1.4198986546646968,0.5926456738053315,0.9153597313787314,0.4526669475861342,24421,val,/Users/peterflo/Desktop/projects/research/hyperbolic/data/runs/sweep/d903d9bfc5/ckpt.pt,mps,8,30,0,-0.0368311566198078,-0.002375860682113,0.2115657577325181,0.1985967063699696,1.1501576512018346,0.0,2.823482106956172,2.0,0.6672698029754724,2.9847291807226304,1.8548050195502856,6.004514886782382,0.0,0.0,0.0,0,25,14,17172,0.2061495457721872,0.319124155602143,11892,0.3677262024890683,0.5167339387823747,Cubism,8,100,0.76,6.951435489654541,3.127124600233861,0.6428938484191895,12.156653490066528
1dfd197185,hyperbolic,8,1.0,30,4096,0.001,0.01,0.0001,0.1,2,0.0,default,9.369152069091797,1.4110057315947084,0.5962900782113755,0.9173662012202612,0.4585015671792025,24421,val,/Users/peterflo/Desktop/projects/research/hyperbolic/data/runs/sweep/1dfd197185/ckpt.pt,mps,8,30,0,-0.028844920097788,0.0068482247470406,0.1244315027604801,0.1200637266590687,1.1470455755292577,0.0,2.84126179125672,2.0,0.6663961862257836,3.037910969472929,1.8563373959023337,5.815260221166353,0.0,0.0,0.0,0,25,14,17172,0.2123223852783601,0.3359538784067086,11892,0.3531786074672048,0.5049613185334679,Cubism,8,100,0.82,6.731704063415528,2.915015035142177,0.9891256999969482,12.100545873641968
eac0c6acaf,hyperbolic,8,3.0,30,4096,0.001,0.01,0.0001,0.1,0,0.0,default,9.16030478477478,1.590266398816128,0.5743827034109987,0.891978215470292,0.4230152429667719,24421,val,/Users/peterflo/Desktop/projects/research/hyperbolic/data/runs/sweep/eac0c6acaf/ckpt.pt,mps,8,30,0,0.0619789087290035,0.0510849059144976,0.04610499753256,0.0729339906474061,1.2850006142254615,0.0,3.019145660958245,2.0,0.6376755820665768,2.0528383198612543,1.8409722132982371,5.262199765573936,0.0,0.0,0.0,0,25,14,17172,0.2125553226182157,0.3639645935243419,11892,0.4733434241506895,0.6249579549276825,Cubism,8,100,0.55,5.657837545871734,2.261262044239693,0.0335473251342773,8.80069311618805
5967d8bf34,hyperbolic,8,3.0,30,4096,0.001,0.01,0.0001,0.1,1,0.0,default,9.876105308532717,1.5912479826578183,0.574587445231563,0.8973424511690758,0.420330736271476,24421,val,/Users/peterflo/Desktop/projects/research/hyperbolic/data/runs/sweep/5967d8bf34/ckpt.pt,mps,8,30,0,0.087466338557942,0.0669016842767701,0.0477656616740162,0.0298736754041269,1.2358625772900371,0.0,2.9050919241505437,2.0,0.6538646645490422,2.102339208123681,1.844320412419817,5.197272435715414,0.0,0.0,0.0,0,25,14,17172,0.2282785930584672,0.3836477987421384,11892,0.4808274470232089,0.6458123107971746,Cubism,8,100,0.55,5.3675599908828735,2.0391129991924264,0.0498637974262237,8.52528727054596
ae6cf1864a,hyperbolic,8,3.0,30,4096,0.001,0.01,0.0001,0.1,2,0.0,default,9.330124139785768,1.5843151237829805,0.5728266655747103,0.8988984890053643,0.4232721743987501,24421,val,/Users/peterflo/Desktop/projects/research/hyperbolic/data/runs/sweep/ae6cf1864a/ckpt.pt,mps,8,30,0,0.0884147085046704,0.0742016179336989,-0.0101716437708942,-0.0046569767440151,1.2914295073911797,0.0,3.0231978527607364,2.0,0.6395705521472392,2.0894040207146767,1.8381223881959197,5.223620748759937,0.0,0.0,0.0,0,25,14,17172,0.2477288609364081,0.3984393198229676,11892,0.3821056172216616,0.5474268415741675,Cubism,8,100,0.47,6.052316477298737,2.3871945439004807,-0.1524832153320312,9.300531573295594
a952379c91,hyperbolic,16,0.1,30,4096,0.001,0.01,0.0001,0.1,0,0.0,default,9.603873014450071,1.386290591133397,0.5957168011137955,0.940665820400475,0.4355509554480787,24421,val,/Users/peterflo/Desktop/projects/research/hyperbolic/data/runs/sweep/a952379c91/ckpt.pt,mps,16,30,0,-0.0777549377746886,-0.0389660936772522,0.3047233441219755,0.3214133215674614,1.0909872650587609,0.0,2.6985718626557276,1.0,0.6874303656436747,2.3761382209316824,1.8012128402153826,6.6698229504328905,0.0,0.0,0.0,0,25,14,17172,0.1831469834614488,0.264907989750757,11892,0.2691725529767911,0.3474604776320215,Cubism,8,100,0.93,1.7959081935882568,0.4721609680738203,1.376959912776947,4.677777309417724
19106626a6,hyperbolic,16,0.1,30,4096,0.001,0.01,0.0001,0.1,1,0.0,default,9.254076719284058,1.4007165208504664,0.5878547152041276,0.9386184021948324,0.4311897903604834,24421,val,/Users/peterflo/Desktop/projects/research/hyperbolic/data/runs/sweep/19106626a6/ckpt.pt,mps,16,30,0,-0.0896764289301511,-0.0577030962968791,0.2956699230512798,0.3136403614610972,1.1215347446869497,0.0,2.721212121212121,2.0,0.6790859413810233,2.4446997102360744,1.8218903465512803,7.172057683395247,0.04,0.0714285714285714,0.0512820512820512,1,25,14,17172,0.1770906126252038,0.26106452364314,11892,0.2710225361587622,0.3501513622603431,Cubism,8,100,0.91,1.7925523418188094,0.4932913771696091,1.4234699302911755,4.807733769416809
a98273b224,hyperbolic,16,0.1,30,4096,0.001,0.01,0.0001,0.1,2,0.0,default,9.22962498664856,1.3928786955469046,0.5969452520371811,0.9378813316408008,0.4481714460429905,24421,val,/Users/peterflo/Desktop/projects/research/hyperbolic/data/runs/sweep/a98273b224/ckpt.pt,mps,16,30,0,-0.0711924602754419,-0.0377565671360005,0.2606675527755724,0.2825506109904981,1.0917652839769052,0.0,2.708727014121711,1.0,0.6860713197195977,2.040333709111162,1.840315547950971,5.866120383797186,0.04,0.0714285714285714,0.0512820512820512,1,25,14,17172,0.1853598881900768,0.264907989750757,11892,0.2662293979145644,0.3399764547595021,Cubism,8,100,0.92,1.7169549959897994,0.4173406168094669,1.2179796105623246,3.7123862433433534
099bc4b9de,hyperbolic,16,0.3,30,4096,0.001,0.01,0.0001,0.1,0,0.0,default,9.246994972229004,1.3438912894996131,0.6038655255722534,0.934482617419434,0.457047860466138,24421,val,/Users/peterflo/Desktop/projects/research/hyperbolic/data/runs/sweep/099bc4b9de/ckpt.pt,mps,16,30,0,-0.0677086298038,-0.0301389603407175,0.2369339757063377,0.2651113310071133,1.0796855165636132,0.0,2.72555302873682,1.0,0.6829646475087865,3.5717476288927066,1.8530640015704567,7.3170978933860225,0.0,0.0,0.0,0,25,14,17172,0.1915909620312136,0.2935010482180293,11892,0.2887655566767574,0.3836192398250925,Cubism,8,100,0.92,6.385032286643982,1.1610126459459922,1.3123357033729552,12.223760404586791
22f3476a7e,hyperbolic,16,0.3,30,4096,0.001,0.01,0.0001,0.1,1,0.0,default,9.1748149394989,1.3602108173086067,0.5981327545964539,0.93198476720855,0.4558902016009581,24421,val,/Users/peterflo/Desktop/projects/research/hyperbolic/data/runs/sweep/22f3476a7e/ckpt.pt,mps,16,30,0,-0.0781197373149585,-0.0440869010693294,0.2386284985329775,0.2574379920822945,1.0970066745833504,0.0,2.7297737925412675,1.0,0.6781128999388628,3.5356882263379874,1.8603277352878231,7.072785372672154,0.0,0.0,0.0,0,25,14,17172,0.1898439319822967,0.2933845795481015,11892,0.2947359569458459,0.386310124453414,Cubism,8,100,0.93,6.235310816764832,1.1472095523803685,1.4104422378540038,11.984516515731812
a76360cf74,hyperbolic,16,0.3,30,4096,0.001,0.01,0.0001,0.1,2,0.0,default,9.176055908203123,1.3523819375685424,0.6038655255722534,0.9325989926702428,0.4660565009927061,24421,val,/Users/peterflo/Desktop/projects/research/hyperbolic/data/runs/sweep/a76360cf74/ckpt.pt,mps,16,30,0,-0.0638423957625844,-0.0296267820702831,0.2183829190843591,0.2436710414443503,1.093239425084968,0.0,2.759768451519537,1.0,0.6793467025015506,3.4439963725214904,1.8601591325668008,6.8529185389711165,0.0,0.0,0.0,0,25,14,17172,0.193570929419986,0.291462846494293,11892,0.2986041035990582,0.3920282542885974,Cubism,8,100,0.94,5.858521480560302,1.0889672889223745,1.3244786834716795,11.134480295181277
a0bb9e534f,hyperbolic,16,1.0,30,4096,0.001,0.01,0.0001,0.1,0,0.0,default,9.259933948516846,1.39772745411039,0.6025961262847549,0.9192498259694524,0.4672041975810085,24421,val,/Users/peterflo/Desktop/projects/research/hyperbolic/data/runs/sweep/a0bb9e534f/ckpt.pt,mps,16,30,0,-0.0148528012155662,0.0158555121922999,0.1603764214890707,0.1486772986143903,1.1031079808361657,0.0,2.775785677485832,1.0,0.6741885625965996,3.083873481809369,1.8488952423642304,5.9106474062934335,0.0,0.0,0.0,0,25,14,17172,0.1915909620312136,0.2977521546703937,11892,0.4200302724520686,0.5805583585603767,Cubism,8,100,0.85,6.443780384063721,2.7844712609863,1.1197799110412598,11.784978466033936
084615b6a7,hyperbolic,16,1.0,30,4096,0.001,0.01,0.0001,0.1,1,0.0,default,9.267497777938845,1.4162030751960664,0.5954711109291184,0.9165062855738914,0.4611847411303242,24421,val,/Users/peterflo/Desktop/projects/research/hyperbolic/data/runs/sweep/084615b6a7/ckpt.pt,mps,16,30,0,-0.0230633820997516,-0.0009205554496083,0.1688062700154043,0.1670300282008675,1.1351296015724173,0.0,2.8060532442554913,2.0,0.6704119850187266,3.1078062773148503,1.858916808345096,5.810004352482279,0.0,0.0,0.0,0,25,14,17172,0.1965991148381085,0.3241905427440019,11892,0.3480491086444668,0.4947023208879919,Cubism,8,100,0.79,6.9080729174613955,3.1534601782168115,0.8495231556892395,12.36626404285431
22075ad320,hyperbolic,16,1.0,30,4096,0.001,0.01,0.0001,0.1,2,0.0,default,9.2765691280365,1.4109427428090315,0.5967405102166169,0.9158101633839728,0.4605499016381709,24421,val,/Users/peterflo/Desktop/projects/research/hyperbolic/data/runs/sweep/22075ad320/ckpt.pt,mps,16,30,0,-0.0133939725914715,0.0172443568603331,0.2035844797192918,0.1905390944120011,1.1361942590393517,0.0,2.8175264012997565,2.0,0.6696791226645004,3.122445034357644,1.854307645114824,5.766405765561555,0.0,0.0,0.0,0,25,14,17172,0.2343931982296762,0.3795131609597018,11892,0.3596535486041036,0.5096703666330306,Cubism,8,100,0.76,7.054068260192871,3.128911930392636,0.7583503770828247,12.45107961654663
79242af77a,hyperbolic,16,3.0,30,4096,0.001,0.01,0.0001,0.1,0,0.0,default,9.241276979446411,1.5822573627546357,0.5850292780803407,0.8977928831743172,0.4382474504541998,24421,val,/Users/peterflo/Desktop/projects/research/hyperbolic/data/runs/sweep/79242af77a/ckpt.pt,mps,16,30,0,0.1207522666454378,0.1061138353059232,0.058982722921463,0.0584933778936974,1.179517628270751,0.0,2.842411683441879,2.0,0.6625222024866785,2.1212392619859557,1.839061118342437,5.180698960369847,0.0,0.0,0.0,0,25,14,17172,0.2331120428604705,0.4119496855345912,11892,0.4442482341069627,0.6374873864783047,Cubism,8,100,0.51,6.1255254757404325,2.3601369499810794,-0.1412942326068878,9.353570652008056
e6362b1749,hyperbolic,16,3.0,30,4096,0.001,0.01,0.0001,0.1,1,0.0,default,9.37647008895874,1.5876459559314124,0.5756521026984972,0.896728225707383,0.4247103897147938,24421,val,/Users/peterflo/Desktop/projects/research/hyperbolic/data/runs/sweep/e6362b1749/ckpt.pt,mps,16,30,0,0.1098788402384062,0.076524393762429,0.0976699226574661,0.1056398335442208,1.2435199213791408,0.0,2.9304255524462026,2.0,0.6470134131043134,2.1198836309120423,1.8401951111389,5.209784413199726,0.0,0.0,0.0,0,25,14,17172,0.195783834148614,0.3581993943629163,11892,0.3681466532122435,0.5302724520686175,Cubism,8,100,0.53,5.69298881828785,2.339016033397052,0.1057636052370071,9.103300161361696
2dbd72403e,hyperbolic,16,3.0,30,4096,0.001,0.01,0.0001,0.1,2,0.0,default,9.420932292938232,1.5906229403967802,0.5774128823553499,0.8949264976864174,0.4233334739207016,24421,val,/Users/peterflo/Desktop/projects/research/hyperbolic/data/runs/sweep/2dbd72403e/ckpt.pt,mps,16,30,0,0.116515182625035,0.0942056905183232,-0.0462839503333406,-0.0152063722135312,1.2495802792678432,0.0,2.9569767441860466,2.0,0.6520348837209302,2.1613259198474077,1.8459094794262172,5.101711505419526,0.0,0.0,0.0,0,25,14,17172,0.2812718378756114,0.4660493827160494,11892,0.5537336024217961,0.710225361587622,Cubism,8,100,0.47,5.6703767597675325,2.3821970764267726,-0.1855407834053039,8.969396672248841
ddc7a7c54b,hyperbolic,32,0.1,30,4096,0.001,0.01,0.0001,0.1,0,0.0,default,9.700625896453856,1.4040120021848108,0.5895335981327546,0.9382908152819296,0.4250480792172154,24421,val,/Users/peterflo/Desktop/projects/research/hyperbolic/data/runs/sweep/ddc7a7c54b/ckpt.pt,mps,32,30,0,-0.0759619590278166,-0.0436230704212673,0.3028416556474725,0.3172040131539429,1.1103558412841408,0.0,2.70510774142059,2.0,0.6810654429369514,2.428501489893917,1.8181831489177576,6.889573101032702,0.0,0.0,0.0,0,25,14,17172,0.1790123456790123,0.2621127416724901,11892,0.2637066935755129,0.343171880255634,Cubism,8,100,0.91,1.7330569219589234,0.4776504395237802,1.21213978767395,4.495058040618897
67d84f2b17,hyperbolic,32,0.1,30,4096,0.001,0.01,0.0001,0.1,1,0.0,default,9.643935918807983,1.391292401703671,0.5934236927234757,0.9387412472871708,0.4286287084719338,24421,val,/Users/peterflo/Desktop/projects/research/hyperbolic/data/runs/sweep/67d84f2b17/ckpt.pt,mps,32,30,0,-0.0836591767547543,-0.049058764345222,0.2909097447265505,0.3109213301913672,1.0983170222349616,0.0,2.7013797965555444,1.0,0.6805317756068083,2.353640052840749,1.8242275647781985,6.614710581579801,0.04,0.0714285714285714,0.0512820512820512,1,25,14,17172,0.1748194735616119,0.2561146051712089,11892,0.2667339387823747,0.3440127817019845,Cubism,8,100,0.89,1.8839540523290632,0.4689934374713634,1.2273041170835497,4.544130659103393
ae9c12d2df,hyperbolic,32,0.1,30,4096,0.001,0.01,0.0001,0.1,2,0.0,default,9.59629201889038,1.3913828572400602,0.5893288563121903,0.9413209942262808,0.4345653672213331,24421,val,/Users/peterflo/Desktop/projects/research/hyperbolic/data/runs/sweep/ae9c12d2df/ckpt.pt,mps,32,30,0,-0.0803553310487645,-0.0452575544502298,0.2871653384855653,0.3056677410006709,1.1058515212317268,0.0,2.6927909063715227,1.0,0.6873068102502742,2.451407384467931,1.8343753755241077,6.634657469081638,0.0,0.0,0.0,0,25,14,17172,0.1805264383880736,0.2657815047752154,11892,0.2698452741338715,0.3473763874873865,Cubism,8,100,0.9,1.722643445730209,0.4395944648416384,1.145471295118332,4.084791505336762
d441e02bff,hyperbolic,32,0.3,30,4096,0.001,0.01,0.0001,0.1,0,0.0,default,9.696598768234251,1.3599051028425388,0.5988288767863724,0.9332541664960484,0.447431286097133,24421,val,/Users/peterflo/Desktop/projects/research/hyperbolic/data/runs/sweep/d441e02bff/ckpt.pt,mps,32,30,0,-0.0648434318085613,-0.030342661274171,0.2298246309818852,0.2552127474802521,1.1029032390156013,0.0,2.749208941512708,2.0,0.6755129121159539,3.661443981909022,1.8582075364159496,7.337963283258782,0.0,0.0,0.0,0,25,14,17172,0.1822152341020265,0.2872699743768926,11892,0.2864951227716111,0.3825260679448368,Cubism,8,100,0.9,6.582698884010315,1.0890724586401654,1.049459388256073,12.469946336746217
c977a9e5a9,hyperbolic,32,0.3,30,4096,0.001,0.01,0.0001,0.1,1,0.0,default,9.530475616455078,1.348453597629799,0.6036607837516891,0.9332132181319356,0.4567750199257016,24421,val,/Users/peterflo/Desktop/projects/research/hyperbolic/data/runs/sweep/c977a9e5a9/ckpt.pt,mps,32,30,0,-0.0718110327172309,-0.0360855785621921,0.2145487464850027,0.2410120615441952,1.0868514802833626,0.0,2.742225436512036,1.0,0.6777559665254675,3.717321788229015,1.8630339627545975,7.138273590056327,0.0,0.0,0.0,0,25,14,17172,0.1946191474493361,0.3000815280689494,11892,0.2997813656239488,0.3977463841237807,Cubism,8,100,0.89,6.937435898780823,1.0983198828614549,1.2265154218673706,13.04743932723999
8071ee3ec5,hyperbolic,32,0.3,30,4096,0.001,0.01,0.0001,0.1,2,0.0,default,9.9985089302063,1.3495644171453411,0.6016952622742722,0.9344007206912084,0.4607513855452206,24421,val,/Users/peterflo/Desktop/projects/research/hyperbolic/data/runs/sweep/8071ee3ec5/ckpt.pt,mps,32,30,0,-0.0686544905045392,-0.0358786730312903,0.2165446163003773,0.2441599515507035,1.081446296220466,0.0,2.715122853911792,1.0,0.683149994859669,3.7743998739808218,1.8685825865213783,7.288143588784251,0.0,0.0,0.0,0,25,14,17172,0.1930468204053109,0.3156883298392732,11892,0.2944836865119408,0.3890010090817356,Cubism,8,100,0.91,6.670696191787719,1.125767542853337,1.215751466751099,12.636612224578858
12edc4ff54,hyperbolic,32,1.0,30,4096,0.001,0.01,0.0001,0.1,0,0.0,default,9.634515047073364,1.4166097700398157,0.5936693829081529,0.9162605953892142,0.4574324911099943,24421,val,/Users/peterflo/Desktop/projects/research/hyperbolic/data/runs/sweep/12edc4ff54/ckpt.pt,mps,32,30,0,-0.0128448379943931,0.0134838314199021,0.191195873931167,0.1766435418851529,1.1574055116498096,0.0,2.8484329335886325,2.0,0.6603849642245289,3.202107593553022,1.8391893000701616,5.832302646956731,0.0,0.0,0.0,0,25,14,17172,0.1846610761705101,0.3379920801304449,11892,0.3266902119071644,0.4645139589640094,Cubism,8,100,0.67,8.429699592590332,3.8016156300293713,0.329208083152771,14.216153345108031
08fc2cebf6,hyperbolic,32,1.0,30,4096,0.001,0.01,0.0001,0.1,1,0.0,default,9.826100826263428,1.4096859375258286,0.5971499938577454,0.917693788133164,0.4629046734938271,24421,val,/Users/peterflo/Desktop/projects/research/hyperbolic/data/runs/sweep/08fc2cebf6/ckpt.pt,mps,32,30,0,-0.0180601331334989,0.0060003997264766,0.1705490090793893,0.1400117884535096,1.1352524466647558,0.0,2.8180524496848953,2.0,0.6662939621874364,3.268565172372214,1.852425247673207,5.749158378314634,0.0,0.0,0.0,0,25,14,17172,0.2259492196599115,0.3540647565804798,11892,0.3521695257315843,0.4847796838210562,Cubism,8,100,0.68,8.38403793334961,3.548857703106748,0.5431274557113648,14.273547897338869
b086491f0a,hyperbolic,32,1.0,30,4096,0.001,0.01,0.0001,0.1,2,0.0,default,9.547513961791992,1.4048420426681631,0.5973547356783097,0.9172433561279228,0.4602643977177308,24421,val,/Users/peterflo/Desktop/projects/research/hyperbolic/data/runs/sweep/b086491f0a/ckpt.pt,mps,32,30,0,-0.0148851658740178,0.0109158342212142,0.1415961145664409,0.1425097024993061,1.1361942590393517,0.0,2.821824468626055,2.0,0.6648021966846334,3.245588091708356,1.8541584456981264,5.744711755962192,0.0,0.0,0.0,0,25,14,17172,0.2171558350803633,0.3477172140694153,11892,0.3854692230070636,0.5322065253952237,Cubism,8,100,0.68,7.803720350265503,3.3516155945325967,0.2772112417221069,13.34506362915039
62062a1c35,hyperbolic,32,3.0,30,4096,0.001,0.01,0.0001,0.1,0,0.0,default,9.879307985305786,1.5904619009770775,0.5730314073952746,0.899799353015847,0.423241867162996,24421,val,/Users/peterflo/Desktop/projects/research/hyperbolic/data/runs/sweep/62062a1c35/ckpt.pt,mps,32,30,0,0.1259969856264234,0.0988814768560567,-0.0365111075969319,-0.0284618412326601,1.2771794766799067,0.0,2.9912726575237363,2.0,0.6393018126018989,2.177780682513383,1.836795582328197,5.16005109520262,0.0,0.0,0.0,0,25,14,17172,0.3298392732354996,0.5491497787095272,11892,0.5348133198789102,0.6729734275142953,Cubism,8,100,0.53,6.059527789354324,2.429326592900971,-0.2132481288909912,9.52570701122284
aa8e80c39d,hyperbolic,32,3.0,30,4096,0.001,0.01,0.0001,0.1,1,0.0,default,10.274610996246338,1.599953645463121,0.5754064125138201,0.8980385733589943,0.4262238605760743,24421,val,/Users/peterflo/Desktop/projects/research/hyperbolic/data/runs/sweep/aa8e80c39d/ckpt.pt,mps,32,30,0,0.1246142825538547,0.092666508430867,-0.0513738272364835,-0.0572492974321335,1.2486384668932475,0.0,2.940785032307841,2.0,0.6476034333108304,2.215459389387763,1.8456597083201816,5.0567844598929215,0.0,0.0,0.0,0,25,14,17172,0.2974609829955741,0.4810156068017703,11892,0.5197611839892364,0.6226875210225361,Cubism,8,100,0.51,6.177829289436341,2.386967887747114,-0.1555169761180877,9.6837371969223
da644ed41c,hyperbolic,32,3.0,30,4096,0.001,0.01,0.0001,0.1,2,0.0,default,9.825244903564451,1.5918347404999051,0.5779042627247042,0.9001269399287498,0.4317717000565343,24421,val,/Users/peterflo/Desktop/projects/research/hyperbolic/data/runs/sweep/da644ed41c/ckpt.pt,mps,32,30,0,0.1308848625076074,0.094260586665916,-0.0335181088344444,-0.0251768501874936,1.2464272552311535,0.0,2.9529491656965465,2.0,0.6480403570042685,2.212462136096588,1.846651272961192,5.109945883608295,0.0,0.0,0.0,0,25,14,17172,0.2732937339855579,0.4134637782436524,11892,0.458627648839556,0.6049445005045408,Cubism,8,100,0.4,5.752377337217331,2.267589472344436,-0.2100633704662323,9.187040309906006
42b224110a,hyperbolic,64,0.1,30,4096,0.001,0.01,0.0001,0.1,0,0.0,default,10.217664003372192,1.3781957913370586,0.5960034396625855,0.9408296138569264,0.4392188920013709,24421,val,/Users/peterflo/Desktop/projects/research/hyperbolic/data/runs/sweep/42b224110a/ckpt.pt,mps,64,30,0,-0.0714007451025736,-0.0412792557136374,0.2880408511563563,0.308319754384634,1.088735105032554,0.0,2.694911818366106,1.0,0.6879181025744983,2.599092104997501,1.8217277780156451,6.734925715988413,0.0,0.0,0.0,0,25,14,17172,0.1798858607034707,0.2615303983228511,11892,0.2649680457450387,0.3405650857719475,Cubism,8,100,0.91,1.9215420764684676,0.4866969099190505,1.3086350411176682,4.910337920188904
968bec55bc,hyperbolic,64,0.1,30,4096,0.001,0.01,0.0001,0.1,1,0.0,default,9.929578304290771,1.377970389254502,0.6003030178944351,0.9413619425903936,0.4421355528637007,24421,val,/Users/peterflo/Desktop/projects/research/hyperbolic/data/runs/sweep/968bec55bc/ckpt.pt,mps,64,30,0,-0.0907125156404718,-0.0597866419595766,0.2710640825988729,0.2877711788944445,1.1019204782768928,0.0,2.7568896629443707,2.0,0.6700133183075505,2.687273320345076,1.834705853515221,6.679402770423334,0.0,0.0,0.0,0,25,14,17172,0.1770323782902399,0.2589098532494759,11892,0.2684157416750757,0.3476286579212916,Cubism,8,100,0.91,2.1069629788398743,0.5310780523923142,1.3098777389526368,5.086141290664673
0b5a8af705,hyperbolic,64,0.1,30,4096,0.001,0.01,0.0001,0.1,2,0.0,default,9.85589599609375,1.3898467993366257,0.5935055894517014,0.9408296138569264,0.4347615780188314,24421,val,/Users/peterflo/Desktop/projects/research/hyperbolic/data/runs/sweep/0b5a8af705/ckpt.pt,mps,64,30,0,-0.0788678321490888,-0.0458547242182063,0.2884489947141262,0.3115587664229334,1.0994226280660089,0.0,2.704643900473456,1.0,0.6857056512541553,2.608616984365682,1.825643362938369,6.948821108231878,0.0,0.0,0.0,0,25,14,17172,0.1783135336594456,0.2622874446773818,11892,0.2642953245879583,0.3418264379414732,Cubism,8,100,0.94,1.8349864012002943,0.5219732198658872,1.4076774054765702,4.864069294929505
4d357d52c2,hyperbolic,64,0.3,30,4096,0.001,0.01,0.0001,0.1,0,0.0,default,9.81251311302185,1.3371915217821704,0.6072642397936202,0.9351787396093526,0.4664217626908928,24421,val,/Users/peterflo/Desktop/projects/research/hyperbolic/data/runs/sweep/4d357d52c2/ckpt.pt,mps,64,30,0,-0.0586661387431584,-0.0295579528903063,0.2148487527140737,0.2411892897161192,1.0687113549813685,0.0,2.721196955479095,1.0,0.6813679491189657,3.963478438661364,1.8640170002345924,7.171430762221116,0.0,0.0,0.0,0,25,14,17172,0.1837293268110878,0.2775448404379222,11892,0.2937268752102253,0.3927850655903128,Cubism,8,100,0.92,7.248937892913818,2.202762981159202,1.2297965574264529,13.617186803817749
b91e1f6ef0,hyperbolic,64,0.3,30,4096,0.001,0.01,0.0001,0.1,1,0.0,default,10.326634883880615,1.340358883370678,0.6059129437778961,0.935915810163384,0.4653591881275964,24421,val,/Users/peterflo/Desktop/projects/research/hyperbolic/data/runs/sweep/b91e1f6ef0/ckpt.pt,mps,64,30,0,-0.076816645356903,-0.0453759852254934,0.2230353512823372,0.2414255939453512,1.0964333974857703,0.0,2.782211138819618,2.0,0.6709268495428097,3.983987976597218,1.8600802118481463,7.061658604473412,0.0,0.0,0.0,0,25,14,17172,0.1883298392732355,0.301420917773119,11892,0.2928859737638749,0.3905146316851665,Cubism,8,100,0.89,7.878676500320434,2.866668242921301,1.1658803367614743,14.472152080535889
1f72b3b083,hyperbolic,64,0.3,30,4096,0.001,0.01,0.0001,0.1,2,0.0,default,10.531767129898071,1.3485062988505092,0.603415093567012,0.9347283076041112,0.4586234277320088,24421,val,/Users/peterflo/Desktop/projects/research/hyperbolic/data/runs/sweep/1f72b3b083/ckpt.pt,mps,64,30,0,-0.0661506627155151,-0.0333985932669452,0.2167659603516622,0.2448220492495894,1.0809958642152246,0.0,2.7257614868353124,1.0,0.6830149716055757,3.935712985904635,1.85909568656074,7.206457595012965,0.0,0.0,0.0,0,25,14,17172,0.1921150710458886,0.2889587700908456,11892,0.3015472586612849,0.4031281533804238,Cubism,8,100,0.93,7.168550658226013,2.1872543955388535,1.293239059448242,13.616078100204469
2d39e09e2d,hyperbolic,64,1.0,30,4096,0.001,0.01,0.0001,0.1,0,0.0,default,10.500653266906738,1.4022564335862462,0.599484050612178,0.9187584456000982,0.4615625774338931,24421,val,/Users/peterflo/Desktop/projects/research/hyperbolic/data/runs/sweep/2d39e09e2d/ckpt.pt,mps,64,30,0,0.0019127387737689,0.0241811956933358,0.172776688112686,0.1565236858014179,1.1316489906228246,0.0,2.825477967487987,2.0,0.6652693998568654,3.3904734920914747,1.846790723000845,5.657037451389269,0.0,0.0,0.0,0,25,14,17172,0.2065571861169345,0.3540647565804798,11892,0.3515808947191389,0.5750084090144635,Cubism,8,100,0.57,9.11793538570404,3.732910998729148,0.0917040109634399,15.05887809753418
08b2cdbbc0,hyperbolic,64,1.0,30,4096,0.001,0.01,0.0001,0.1,1,0.0,default,10.527447938919067,1.4040535214120975,0.5978461160476639,0.9169567175791328,0.456778303312584,24421,val,/Users/peterflo/Desktop/projects/research/hyperbolic/data/runs/sweep/08b2cdbbc0/ckpt.pt,mps,64,30,0,-0.0164862446085066,0.0043497533799487,0.0610046046438108,0.054745252852088,1.15339257196675,0.0,2.8680378780164952,2.0,0.6601160777924855,3.3628663009247144,1.8517592725736245,5.631463718172914,0.0,0.0,0.0,0,25,14,17172,0.1948520847891917,0.3315863032844165,11892,0.3343424150689539,0.4725866128489741,Cubism,8,100,0.56,9.134162211418152,3.849349777511085,0.0414187240600585,15.27724362373352
524487754e,hyperbolic,64,1.0,30,4096,0.001,0.01,0.0001,0.1,2,0.0,default,10.40939211845398,1.4053358587467537,0.597559477498874,0.9184718070513084,0.4532052318974659,24421,val,/Users/peterflo/Desktop/projects/research/hyperbolic/data/runs/sweep/524487754e/ckpt.pt,mps,64,30,0,-0.009118556713725,0.0128192257751871,0.1019492388311808,0.0892019205982713,1.1228041439744485,0.0,2.78998778998779,2.0,0.6721611721611722,3.3648814894994414,1.8463720046524692,5.647714218974971,0.0,0.0,0.0,0,25,14,17172,0.211798276263685,0.3603540647565805,11892,0.4213757147662294,0.6030945173225698,Cubism,8,100,0.62,8.690051836967468,3.861135755890956,0.2267381525039672,14.85987648010254
2771f26fae,hyperbolic,64,3.0,30,4096,0.001,0.01,0.0001,0.1,0,0.0,default,10.577871084213257,1.592940846296304,0.5784775398222841,0.899512714467057,0.4275210504452985,24421,val,/Users/peterflo/Desktop/projects/research/hyperbolic/data/runs/sweep/2771f26fae/ckpt.pt,mps,64,30,0,0.1586441911474663,0.118490269311948,-0.0482149402080083,-0.0496035459114349,1.230907825232382,0.0,2.9201476588303867,2.0,0.6501845735379833,2.303013404164049,1.8403038272503929,5.028126016138913,0.0,0.0,0.0,0,25,14,17172,0.282611227579781,0.4297111576985791,11892,0.3443491422805247,0.5667675748402288,Cubism,8,100,0.49,6.1857836258411405,2.5225064206379995,0.0322709596157074,10.172087025642394
4ca8c149da,hyperbolic,64,3.0,30,4096,0.001,0.01,0.0001,0.1,1,0.0,default,10.85698127746582,1.594011779343251,0.5749969288726915,0.8974652962614144,0.4249854206531861,24421,val,/Users/peterflo/Desktop/projects/research/hyperbolic/data/runs/sweep/4ca8c149da/ckpt.pt,mps,64,30,0,0.1377984947333873,0.0926945138259588,-0.2081099286004511,-0.1748142740634627,1.2667785921952417,0.0,2.980633972444359,2.0,0.6455342518547066,2.2745168383970857,1.840682590710775,5.023172229436037,0.0,0.0,0.0,0,25,14,17172,0.2571045888655952,0.4598183088749126,11892,0.391439623276152,0.5755129498822737,Cubism,8,100,0.35,6.397679572105408,2.3746897384180112,-0.4074787330627441,10.138898544311523
a3da7590de,hyperbolic,64,3.0,30,4096,0.001,0.01,0.0001,0.1,2,0.0,default,10.714398860931396,1.5866428533509715,0.5755292576061586,0.8989394373694771,0.42247024896595,24421,val,/Users/peterflo/Desktop/projects/research/hyperbolic/data/runs/sweep/a3da7590de/ckpt.pt,mps,64,30,0,0.1442565915957354,0.1018453115047728,-0.0706126460309037,-0.0541047513533973,1.241267761352934,0.0,2.924271657341308,2.0,0.6489484854331469,2.276993356424427,1.8404777121720253,5.0112878845430675,0.0,0.0,0.0,0,25,14,17172,0.2304332634521314,0.4047286279990682,11892,0.3599899091826438,0.5020181634712412,Cubism,8,100,0.39,6.264796342849731,2.610003907573793,-0.2887548911571502,9.947670679092408
5757cf120d,euclidean,8,,30,4096,0.001,0.01,0.0001,0.1,0,0.1,default,8.279076099395752,1.1874759673759854,0.6455100118750255,0.9460710044633716,0.5234969174942161,24421,val,/Users/peterflo/Desktop/projects/research/hyperbolic/data/runs/sweep/5757cf120d/ckpt.pt,mps,8,30,0,-0.0172112542293651,0.0095505363779099,0.2854287939602862,0.3041698006890713,1.0027435403955611,0.0,2.828693542797736,2.0,0.651611412729583,1.7357284048145043,1.7781578031126466,5.0497425432165794,0.04,0.0714285714285714,0.0512820512820512,1,25,14,17172,0.1403447472629862,0.209585371535057,11892,0.2522704339051463,0.3248402287251934,Cubism,8,100,0.91,2.5014118432998655,0.6327934053700439,1.823552408218384,4.826536083221436
7ac79c9e53,euclidean,8,,30,4096,0.001,0.01,0.0001,0.1,0,0.3,default,8.095569849014282,1.311035726424893,0.6372384423242291,0.9372261578149952,0.5085310746132601,24421,val,/Users/peterflo/Desktop/projects/research/hyperbolic/data/runs/sweep/7ac79c9e53/ckpt.pt,mps,8,30,0,0.139882942840462,0.1669503312556313,0.3438053850539834,0.358831037355884,1.0048319069653169,0.0,2.76995146179027,2.0,0.6622643639236934,1.53743843057834,1.7548730271103656,5.309343099000315,0.04,0.0714285714285714,0.0512820512820512,1,25,14,17172,0.1460517120894479,0.2178546470999301,11892,0.2533636057854019,0.3247561385805583,Cubism,8,100,0.96,2.5760294258594514,0.7405573116598763,2.033389314413071,4.676586866378784
02d3555a63,euclidean,8,,30,4096,0.001,0.01,0.0001,0.1,0,1.0,default,7.863036155700684,1.9360116282872684,0.5774538307194628,0.9193317226976784,0.4446142410194955,24421,val,/Users/peterflo/Desktop/projects/research/hyperbolic/data/runs/sweep/02d3555a63/ckpt.pt,mps,8,30,0,0.6018694449113668,0.614371489757807,0.4641398587005639,0.5004054153912549,1.0740346423160394,0.0,2.541816067448396,1.0,0.7043318150983623,0.9415647765313714,1.712230691514386,6.83570055847232,0.0,0.0,0.0,0,25,14,17172,0.1643955276030747,0.2525623107384113,11892,0.262193070972082,0.3319878910191725,Cubism,8,100,0.83,2.0586824733018876,0.7413450322374441,0.5163874125480652,3.988164072036743
56a29372d7,euclidean,8,,30,4096,0.001,0.01,0.0001,0.1,0,3.0,default,7.890501022338867,2.9681487709136167,0.4597272838950084,0.8608165103804103,0.3733025895282447,24421,val,/Users/peterflo/Desktop/projects/research/hyperbolic/data/runs/sweep/56a29372d7/ckpt.pt,mps,8,30,0,0.9917757756612842,0.9926159784555592,0.6746994280644458,0.6777588452763708,1.202940092543303,1.0,2.2265423677429133,1.0,0.747612551159618,0.168551359829492,1.6472211928971725,8.236960155031028,0.04,0.0714285714285714,0.0512820512820512,1,25,14,17172,0.1959003028185418,0.2932681108781738,11892,0.2736293306424487,0.3445173225697948,Cubism,8,100,0.58,0.3191622943431139,0.1774928105556339,-0.002310847043991,0.6703029721975327
460a35ac0f,euclidean,8,,30,4096,0.001,0.01,0.0001,0.1,1,0.1,default,8.146771907806396,1.1493869189484631,0.6498505384709881,0.94791368084845,0.5272270057490138,24421,val,/Users/peterflo/Desktop/projects/research/hyperbolic/data/runs/sweep/460a35ac0f/ckpt.pt,mps,8,30,0,0.1101308947563576,0.1145026354436584,0.3838462121274113,0.3890449574108273,0.9820236681544572,0.0,2.8045842591509764,2.0,0.6531399836276459,1.8879728621309304,1.7260876174011617,5.490827184275519,0.04,0.0714285714285714,0.0512820512820512,1,25,14,17172,0.142150011646867,0.2081295131609597,11892,0.2487386478304742,0.3188698284561049,Cubism,8,100,0.94,3.3647055327892303,0.6952316014841515,1.9052349364757537,5.323078713417053
899cda7254,euclidean,8,,30,4096,0.001,0.01,0.0001,0.1,1,0.3,default,8.162548780441284,1.281267125133722,0.6410466401867245,0.9382498669178166,0.510619248664314,24421,val,/Users/peterflo/Desktop/projects/research/hyperbolic/data/runs/sweep/899cda7254/ckpt.pt,mps,8,30,0,0.2643321253841659,0.2755300346328679,0.4884089714011643,0.521827313351271,0.9933663650137176,0.0,2.767396760209902,2.0,0.6556011864020077,1.7909427810673544,1.671682859456111,6.308851418071508,0.08,0.1428571428571428,0.1025641025641025,2,25,14,17172,0.1404029815979501,0.2126717912881434,11892,0.255297679112008,0.3250924991590985,Cubism,8,100,0.94,4.442705240249634,1.0071962600746625,1.5462611246109008,5.662665019035339
e08d187b88,euclidean,8,,30,4096,0.001,0.01,0.0001,0.1,1,1.0,default,7.840240955352783,1.7461570962378143,0.586912902829532,0.9220752630932394,0.4603281582806171,24421,val,/Users/peterflo/Desktop/projects/research/hyperbolic/data/runs/sweep/e08d187b88/ckpt.pt,mps,8,30,0,0.5741052186090995,0.6050943194752704,0.5752711822451719,0.5880331819907862,1.073911797223701,0.0,2.599722442505948,1.0,0.6913164155432197,1.1181439442313807,1.6280404754291908,7.674259211110376,0.08,0.1428571428571428,0.1025641025641025,2,25,14,17172,0.1518751455858374,0.2288027020731423,11892,0.2627817019845274,0.3347628657921291,Cubism,8,100,0.92,2.0695389640331268,0.4447421863268131,0.9794659185409544,3.043423619270325
43b1e4c048,euclidean,8,,30,4096,0.001,0.01,0.0001,0.1,1,3.0,default,8.037574291229248,2.8634363961382827,0.4619794439212153,0.8655255722533884,0.3585734353569484,24421,val,/Users/peterflo/Desktop/projects/research/hyperbolic/data/runs/sweep/43b1e4c048/ckpt.pt,mps,8,30,0,0.988182293053244,0.9895416548600382,0.6768039871148727,0.6756907652796194,1.2071577740469268,1.0,2.2437019560088287,1.0,0.7461755080295304,0.2290839677142421,1.641494418326218,8.60425490407266,0.04,0.0714285714285714,0.0512820512820512,1,25,14,17172,0.1942697414395527,0.2869205683671093,11892,0.2693407332660612,0.3455264043054154,Cubism,8,100,0.76,0.4009762634336948,0.2026343255837582,0.027703046798706,0.8803623026609421
0caddee060,euclidean,8,,30,4096,0.001,0.01,0.0001,0.1,2,0.1,default,7.812443017959595,1.1563461627427545,0.6542320134310634,0.94762704229966,0.5372619733557736,24421,val,/Users/peterflo/Desktop/projects/research/hyperbolic/data/runs/sweep/0caddee060/ckpt.pt,mps,8,30,0,0.1251009541792236,0.1440637929314131,0.3230556616690637,0.3430610739824216,0.9785430572048648,0.0,2.8300568450971104,2.0,0.6479156797726197,1.8386717693894667,1.749688277310887,4.8820086261760345,0.04,0.0714285714285714,0.0512820512820512,1,25,14,17172,0.1430817610062893,0.2110994642441183,11892,0.2486545576858392,0.3236629667003027,Cubism,8,100,0.96,2.3734136414527893,0.4870250741476704,1.809316873550415,4.413666415214538
ac93d9402b,euclidean,8,,30,4096,0.001,0.01,0.0001,0.1,2,0.3,default,8.106061220169067,1.2914660813245027,0.6453462184185742,0.9343188239629828,0.5249192128997803,24421,val,/Users/peterflo/Desktop/projects/research/hyperbolic/data/runs/sweep/ac93d9402b/ckpt.pt,mps,8,30,0,0.3607596691060298,0.3707677448598711,0.4177571395952567,0.4464812361375536,0.9849719503705828,0.0,2.7772774506408036,2.0,0.657545318092599,1.7527435681906418,1.714507517252768,5.299380919480794,0.04,0.0714285714285714,0.0512820512820512,1,25,14,17172,0.1437223386908921,0.2159911483810855,11892,0.2493272788429196,0.324167507568113,Cubism,8,100,0.96,2.537725695371628,0.5723971489524072,1.8125245797634124,4.480226883888244
34cf8e5134,euclidean,8,,30,4096,0.001,0.01,0.0001,0.1,2,1.0,default,8.266578912734985,1.7574982052230896,0.5911715326972687,0.9177347364972768,0.4630905247559012,24421,val,/Users/peterflo/Desktop/projects/research/hyperbolic/data/runs/sweep/34cf8e5134/ckpt.pt,mps,8,30,0,0.6793804019794253,0.6900137832400074,0.5583036286068901,0.5677153375168752,1.078088530363212,0.0,2.637019230769231,2.0,0.6777844551282052,1.109334567312724,1.6401434992235149,6.545766824481479,0.08,0.1428571428571428,0.1025641025641025,2,25,14,17172,0.1521663172606568,0.2281621243885394,11892,0.260427177934746,0.336192398250925,Cubism,8,100,0.98,2.847831870317459,0.7038926776915032,0.945205557346344,3.3106045150756835
bf335cfecc,euclidean,8,,30,4096,0.001,0.01,0.0001,0.1,2,3.0,default,7.749791860580444,2.782778369848814,0.485852340199009,0.8745342123582163,0.3868215462599798,24421,val,/Users/peterflo/Desktop/projects/research/hyperbolic/data/runs/sweep/bf335cfecc/ckpt.pt,mps,8,30,0,0.9828709841231236,0.982883337344391,0.6898406906597296,0.6895035555941067,1.1784939191679291,1.0,2.29213125199108,1.0,0.7327174259318254,0.2615771473178839,1.6118744601471078,8.48181908886326,0.04,0.0714285714285714,0.0512820512820512,1,25,14,17172,0.1749359422315397,0.2665385511297461,11892,0.2663134880591994,0.3401446350487723,Cubism,8,100,0.89,0.473725374341011,0.1846452166583657,0.1113122150301933,0.9046319848299028
c7eba5f0d9,euclidean,16,,30,4096,0.001,0.01,0.0001,0.1,0,0.1,default,8.436186790466309,1.0629606072778983,0.6595553007657344,0.9581098235125508,0.5521831695714504,24421,val,/Users/peterflo/Desktop/projects/research/hyperbolic/data/runs/sweep/c7eba5f0d9/ckpt.pt,mps,16,30,0,0.0955772375014387,0.1084845407660541,0.3049988562451132,0.3230384704647266,0.9601572417181934,0.0,2.820303103199423,2.0,0.6545585758960789,2.1315418773891976,1.7496886171315051,5.0167835075542975,0.04,0.0714285714285714,0.0512820512820512,1,25,14,17172,0.1395294665734917,0.2088865595154903,11892,0.2505045408678102,0.3234106962663975,Cubism,8,100,0.96,2.398668977022171,0.4452362090368488,2.1132953798770906,4.711386766433716
57afcec70a,euclidean,16,,30,4096,0.001,0.01,0.0001,0.1,0,0.3,default,8.261598110198975,1.109941011535209,0.6561975349084804,0.9557348183940052,0.5461043822560383,24421,val,/Users/peterflo/Desktop/projects/research/hyperbolic/data/runs/sweep/57afcec70a/ckpt.pt,mps,16,30,0,0.3328502092593106,0.3230582553707118,0.4136981373307347,0.4246770157689215,0.9578231849637608,0.0,2.785969509290138,2.0,0.6576941400666985,1.9909868214409512,1.715759174802238,5.426994256280545,0.08,0.1428571428571428,0.1025641025641025,2,25,14,17172,0.1337060330771022,0.2019566736547868,11892,0.2480659266733939,0.3239152371342079,Cubism,8,100,0.93,2.918836878538132,0.4630221819802037,1.6666956198215486,4.4727922582626345
af105be746,euclidean,16,,30,4096,0.001,0.01,0.0001,0.1,0,1.0,default,7.875172853469849,1.3195895043331674,0.6435444903976086,0.9474223004790958,0.5281106088110671,24421,val,/Users/peterflo/Desktop/projects/research/hyperbolic/data/runs/sweep/af105be746/ckpt.pt,mps,16,30,0,0.7093454385487157,0.7194410442865523,0.5905425580635862,0.5944230099723946,0.9832521190778428,0.0,2.7584147041929925,2.0,0.6652498564043653,1.5590969913698145,1.6463684756901908,7.024761262320923,0.08,0.1428571428571428,0.1025641025641025,2,25,14,17172,0.141043559282553,0.2154088050314465,11892,0.2455432223343424,0.3161789438277834,Cubism,8,100,0.87,2.863793531656265,0.5122988607610015,0.7506851804256439,4.1334322690963745
33985c7474,euclidean,16,,30,4096,0.001,0.01,0.0001,0.1,0,3.0,default,8.177736043930054,2.2654581314212816,0.5467016092707097,0.9083985094795464,0.4687887390173358,24421,val,/Users/peterflo/Desktop/projects/research/hyperbolic/data/runs/sweep/33985c7474/ckpt.pt,mps,16,30,0,0.9490859690672714,0.9516726481526993,0.6464667066829045,0.6430421871459028,1.0955734818394005,0.0,2.416892502258356,1.0,0.7276422764227642,0.5789556785517377,1.601837638849008,7.941998475640149,0.08,0.1428571428571428,0.1025641025641025,2,25,14,17172,0.1646284649429303,0.24446773817843,11892,0.2609317188025563,0.3335015136226034,Cubism,8,100,0.63,1.1427605977654458,0.398338388355246,0.0369950106739997,2.130537325143814
5c1f079ede,euclidean,16,,30,4096,0.001,0.01,0.0001,0.1,1,0.1,default,7.906023979187012,1.0683355008368165,0.6561156381802546,0.9598706031694034,0.5568016926957655,24421,val,/Users/peterflo/Desktop/projects/research/hyperbolic/data/runs/sweep/5c1f079ede/ckpt.pt,mps,16,30,0,0.1454007886007818,0.1655830827877932,0.320299334389419,0.3492127864405881,0.978993489210106,0.0,2.846868301976661,2.0,0.6490831150273875,2.14625029661846,1.7452820735573755,4.652312232813639,0.0,0.0,0.0,0,25,14,17172,0.1328325180526438,0.2024807826694619,11892,0.2519340733266061,0.3221493440968718,Cubism,8,100,0.91,2.9213465988636016,0.5463927951278396,1.9737723982334137,5.2500807619094845
ae17d1953f,euclidean,16,,30,4096,0.001,0.01,0.0001,0.1,1,0.3,default,8.453742027282715,1.1283452254656536,0.6548871872568691,0.9537692969165882,0.5473276827053111,24421,val,/Users/peterflo/Desktop/projects/research/hyperbolic/data/runs/sweep/ae17d1953f/ckpt.pt,mps,16,30,0,0.3022484113995711,0.3201363591494713,0.3740205449881094,0.4021528756170102,0.978133573563736,0.0,2.8342429995253915,2.0,0.6484337921214998,1.9934946120395736,1.719029425342626,4.8693223418279805,0.04,0.0714285714285714,0.0512820512820512,1,25,14,17172,0.1360936408106219,0.2014325646401118,11892,0.2469727547931382,0.3202152707702657,Cubism,8,100,0.96,3.1882406854629517,0.6565514757092246,2.152722315788269,5.3284898328781125
f8b9e4f8e8,euclidean,16,,30,4096,0.001,0.01,0.0001,0.1,1,1.0,default,8.145817995071411,1.3052027516964295,0.6380164612423733,0.9471356619303058,0.5199987542699761,24421,val,/Users/peterflo/Desktop/projects/research/hyperbolic/data/runs/sweep/f8b9e4f8e8/ckpt.pt,mps,16,30,0,0.6019634267472943,0.6268858607844331,0.4984006157134393,0.5161179746712954,0.9960280086810532,0.0,2.75158371040724,2.0,0.6660633484162896,1.7304378478005042,1.663214120412326,6.059222280415112,0.04,0.0714285714285714,0.0512820512820512,1,25,14,17172,0.1411600279524807,0.2070812951316096,11892,0.2496636394214598,0.320719811638076,Cubism,8,100,0.96,3.7265689516067506,0.7973249667151059,1.6620138931274413,5.260860528945923
e0c198fd4f,euclidean,16,,30,4096,0.001,0.01,0.0001,0.1,1,3.0,default,8.096536636352539,2.4319621460975025,0.5395765939150731,0.899512714467057,0.4189076381275472,24421,val,/Users/peterflo/Desktop/projects/research/hyperbolic/data/runs/sweep/e0c198fd4f/ckpt.pt,mps,16,30,0,0.964778245420694,0.9713990354019112,0.6364285416232643,0.6459585101541896,1.0947545145571431,0.0,2.377712557808609,1.0,0.7337246531483458,0.4691147603665189,1.6146553506263963,7.806609986492454,0.08,0.1428571428571428,0.1025641025641025,2,25,14,17172,0.1652108082925693,0.2465641742371302,11892,0.262108980827447,0.3363605785401951,Cubism,8,100,0.93,0.9756208685040474,0.4034452725542092,0.1797423338890075,1.9223332130908968
6401f827eb,euclidean,16,,30,4096,0.001,0.01,0.0001,0.1,2,0.1,default,8.290356874465942,1.0610119161302796,0.6616027189713771,0.9597887064411776,0.5535854289263336,24421,val,/Users/peterflo/Desktop/projects/research/hyperbolic/data/runs/sweep/6401f827eb/ckpt.pt,mps,16,30,0,0.1854625877624444,0.1847343144601952,0.3590658427544847,0.3775072919543169,0.9617132795544818,0.0,2.8419651500484027,2.0,0.6443610842207164,2.1266159578420587,1.7318418219030318,4.531362509651073,0.04,0.0714285714285714,0.0512820512820512,1,25,14,17172,0.1363848124854414,0.2046936873980899,11892,0.2457114026236125,0.3176084762865792,Cubism,8,100,0.91,2.651254813671112,0.4320520989913635,1.480610669851303,4.5370173740386965
c47bf1c5bd,euclidean,16,,30,4096,0.001,0.01,0.0001,0.1,2,0.3,default,8.461119890213013,1.1036741043219849,0.6570574505548503,0.9562261987633596,0.5501422001906713,24421,val,/Users/peterflo/Desktop/projects/research/hyperbolic/data/runs/sweep/c47bf1c5bd/ckpt.pt,mps,16,30,0,0.4905358300966808,0.4712749279344884,0.4481251040182796,0.4511525639049242,0.9612218991851276,0.0,2.8028656716417912,2.0,0.6509850746268657,1.9396876142209087,1.6952268199473135,4.699839171069937,0.04,0.0714285714285714,0.0512820512820512,1,25,14,17172,0.1373747961798276,0.2047519217330538,11892,0.2512613521695257,0.3250924991590985,Cubism,8,100,0.87,2.6362786269187928,0.4817953173219929,1.2607977747917176,4.058960061073304
e6993bc53a,euclidean,16,,30,4096,0.001,0.01,0.0001,0.1,2,1.0,default,8.371948003768921,1.3064741225574747,0.6416608656484174,0.942917980426682,0.5254675956246627,24421,val,/Users/peterflo/Desktop/projects/research/hyperbolic/data/runs/sweep/e6993bc53a/ckpt.pt,mps,16,30,0,0.7741913176015672,0.7767456558572501,0.6068287431168864,0.6087390614165907,0.9740387371524508,0.0,2.7182036338704147,1.0,0.6681522111758657,1.5841034971152226,1.6212888955787543,5.955524922687189,0.08,0.1428571428571428,0.1025641025641025,2,25,14,17172,0.1380153738644304,0.2081877474959236,11892,0.2489909182643794,0.31895391860074,Cubism,8,100,0.94,2.675033987760544,0.4669760330182585,1.2544073224067689,4.213286237716675
0ba0525b86,euclidean,16,,30,4096,0.001,0.01,0.0001,0.1,2,3.0,default,8.381118059158325,2.2374758649910165,0.5557511977396503,0.8990622824618156,0.4366329049833012,24421,val,/Users/peterflo/Desktop/projects/research/hyperbolic/data/runs/sweep/0ba0525b86/ckpt.pt,mps,16,30,0,0.9599034883454975,0.963251555385066,0.6634833449906261,0.6630463990608509,1.0812415543999017,0.0,2.4338648723384644,1.0,0.7284542354134022,0.6029927664077586,1.5752551403307666,7.474028413091363,0.04,0.0714285714285714,0.0512820512820512,1,25,14,17172,0.1629396692289774,0.2452830188679245,11892,0.2589976454759502,0.3313151698620921,Cubism,8,100,0.95,1.2053977578878403,0.3452542389905874,0.2735718786716461,2.1480917716026307
435c75e817,hyperbolic,8,1.0,30,4096,0.001,0.01,0.0001,0.1,0,0.1,default,11.176261901855469,1.5391887051580502,0.596126284754924,0.9197821547029196,0.4532476947696743,24421,val,/Users/peterflo/Desktop/projects/research/hyperbolic/data/runs/sweep/435c75e817/ckpt.pt,mps,8,30,0,0.2713873215395992,0.213782039704601,0.2008239963021433,0.195321329117148,1.0569591744809794,0.0,2.617053634796715,1.0,0.6930954070769543,3.041074960930497,1.8330083105620256,5.623809305976377,0.0,0.0,0.0,0,25,14,17172,0.236140228278593,0.3616352201257861,11892,0.4359233097880928,0.5850992263706694,Cubism,8,100,0.69,7.441382241249085,3.238677290338688,0.252179274559021,13.31752820968628
3bacd0f9fd,hyperbolic,8,1.0,30,4096,0.001,0.01,0.0001,0.1,0,0.3,default,10.416247129440308,1.9734840408296457,0.5319601981900823,0.9126161909831704,0.3747769515622321,24421,val,/Users/peterflo/Desktop/projects/research/hyperbolic/data/runs/sweep/3bacd0f9fd/ckpt.pt,mps,8,30,0,0.4082493572651403,0.3965947103384005,0.3163171095756538,0.3491620702027105,1.159371033127227,0.0,2.4770778652668417,1.0,0.7222222222222222,1.985509534457898,1.7838768205303444,6.383472738469955,0.0,0.0,0.0,0,25,14,17172,0.2087118565105986,0.3222105753552294,11892,0.3280356542213252,0.4515640766902119,Cubism,8,100,0.92,4.67616672039032,1.2718623482725997,0.4887887120246887,8.976341814994813
882b579f4e,hyperbolic,8,1.0,30,4096,0.001,0.01,0.0001,0.1,0,1.0,default,9.885618925094604,2.9446935567285295,0.4435526800704312,0.876581630563859,0.3390243809936735,24421,val,/Users/peterflo/Desktop/projects/research/hyperbolic/data/runs/sweep/882b579f4e/ckpt.pt,mps,8,30,0,0.9635568374093296,0.9692955655029044,0.6664726689239395,0.6636058103110669,1.2623971172351665,1.0,2.2686731915519904,1.0,0.7484730296563397,0.2020834285928826,1.6338045184178025,8.179979592999672,0.04,0.0714285714285714,0.0512820512820512,1,25,14,17172,0.2359655252737013,0.3416608432331702,11892,0.2809451732256979,0.3617558022199798,Cubism,8,100,0.79,0.3111629070341587,0.1461523285783923,0.0340964046120643,0.6958306640386581
f1c335dee5,hyperbolic,8,1.0,30,4096,0.001,0.01,0.0001,0.1,0,3.0,default,10.401790142059326,3.1636494363898273,0.3623111256705295,0.8224069448425535,0.2982536966506732,24421,val,/Users/peterflo/Desktop/projects/research/hyperbolic/data/runs/sweep/f1c335dee5/ckpt.pt,mps,8,30,0,0.9965596856330908,0.9955440052110486,0.7019491325917406,0.7028346809790808,1.4142745997297408,1.0,2.2178128812688627,1.0,0.728825531368394,0.0672352180089475,1.6210652759016433,9.285597838588927,0.04,0.0714285714285714,0.0512820512820512,1,25,14,17172,0.2172723037502911,0.3143489401351036,11892,0.2616044399596367,0.3320719811638076,Cubism,8,100,0.3,0.099158521592617,0.047757035778168,-0.0085389732569456,0.2246067368984222
ace58c48d5,hyperbolic,8,1.0,30,4096,0.001,0.01,0.0001,0.1,1,0.1,default,10.92937397956848,1.505310368432464,0.5973547356783097,0.922771385283158,0.4575784980896629,24421,val,/Users/peterflo/Desktop/projects/research/hyperbolic/data/runs/sweep/ace58c48d5/ckpt.pt,mps,8,30,0,0.3107445142239876,0.2406362876607998,0.195314901909717,0.1980822988143537,1.0649850538470989,0.0,2.644971015966643,1.0,0.6906335807993491,2.9510490044595707,1.8364178821295387,5.925800053462707,0.0,0.0,0.0,0,25,14,17172,0.2250174703004891,0.382191940368041,11892,0.3078540195089135,0.468970736629667,Cubism,8,100,0.74,6.714883151054383,2.878414184251035,0.5197629976272583,12.210984992980958
eca954d673,hyperbolic,8,1.0,30,4096,0.001,0.01,0.0001,0.1,1,0.3,default,10.269564867019652,1.874280549995554,0.5406003030178944,0.905695917448098,0.3805640592659461,24421,val,/Users/peterflo/Desktop/projects/research/hyperbolic/data/runs/sweep/eca954d673/ckpt.pt,mps,8,30,0,0.4229659491882788,0.3985673490633217,0.2410148075301231,0.265513020330743,1.1817288399328447,0.0,2.572332649968803,1.0,0.7000623941527765,2.227970246899745,1.817906519035661,6.679944212370184,0.0,0.0,0.0,0,25,14,17172,0.2290938737479618,0.3514442115071046,11892,0.3186175580221998,0.4549276824756139,Cubism,8,100,0.8,5.408305473327637,1.9874809056250444,0.3459891057014465,10.073043603897094
f0a97e7b3c,hyperbolic,8,1.0,30,4096,0.001,0.01,0.0001,0.1,1,1.0,default,9.845746040344238,2.86523556727839,0.4176323655869948,0.88047172515458,0.3071968454626097,24421,val,/Users/peterflo/Desktop/projects/research/hyperbolic/data/runs/sweep/f0a97e7b3c/ckpt.pt,mps,8,30,0,0.9488898805683552,0.9537304177054864,0.5947506667357345,0.6008717746809871,1.3061299701076945,1.0,2.242792856138377,1.0,0.7572774574602729,0.2800839579772647,1.752605722647464,7.876160435538847,0.04,0.0714285714285714,0.0512820512820512,1,25,14,17172,0.230607966457023,0.3306545539249941,11892,0.2716952573158426,0.353514968045745,Cubism,8,100,0.72,0.4047738538682461,0.1816549475227005,0.0234302635490894,0.9704892891645432
2e9936533f,hyperbolic,8,1.0,30,4096,0.001,0.01,0.0001,0.1,1,3.0,default,10.15489387512207,3.141371720399822,0.3639900085991565,0.8253961754227919,0.3098485029702946,24421,val,/Users/peterflo/Desktop/projects/research/hyperbolic/data/runs/sweep/2e9936533f/ckpt.pt,mps,8,30,0,0.9964394567683044,0.9954686275058514,0.6950505289232815,0.6934895174985103,1.4096474345849883,1.0,2.2163919649755344,1.0,0.7322302343548802,0.0797382623451316,1.642528383284084,9.43103549622729,0.04,0.0714285714285714,0.0512820512820512,1,25,14,17172,0.208478919170743,0.3054973212205916,11892,0.2632862428523377,0.3313151698620921,Cubism,8,100,0.29,0.1184062971174716,0.0622538766570157,-0.0138318819366395,0.2809253105521202
ca29b9596d,hyperbolic,8,1.0,30,4096,0.001,0.01,0.0001,0.1,2,0.1,default,9.799436092376707,1.5047118824435552,0.5981327545964539,0.921624831087998,0.4596699335377133,24421,val,/Users/peterflo/Desktop/projects/research/hyperbolic/data/runs/sweep/ca29b9596d/ckpt.pt,mps,8,30,0,0.333836519037794,0.2869457860560186,0.1943488355325709,0.2087991693331251,1.0622824618156506,0.0,2.64336661911555,1.0,0.6885062156103525,2.8083044262976675,1.83615764657602,6.189685802742308,0.0,0.0,0.0,0,25,14,17172,0.210167714884696,0.3270440251572327,11892,0.3471241170534813,0.4873023881601076,Cubism,8,100,0.84,5.714358484745025,2.1102298567716704,0.748990170955658,10.617556009292604
db32060c6a,hyperbolic,8,1.0,30,4096,0.001,0.01,0.0001,0.1,2,0.3,default,9.880174160003662,1.852764231904534,0.5594365505098071,0.9096679087670448,0.4066892968019136,24421,val,/Users/peterflo/Desktop/projects/research/hyperbolic/data/runs/sweep/db32060c6a/ckpt.pt,mps,8,30,0,0.4585350875587879,0.434235772635938,0.2917536414533804,0.3275261608652766,1.1406576307276524,0.0,2.589088205223534,1.0,0.6946742262292035,2.1338141064109912,1.8043464102430729,7.129456284376047,0.0,0.0,0.0,0,25,14,17172,0.2148264616818076,0.3286163522012578,11892,0.3382105617221662,0.4613185334678775,Cubism,8,100,0.78,4.848621053695679,1.5777302682353174,0.3368325853347778,9.1174453830719
a453fef039,hyperbolic,8,1.0,30,4096,0.001,0.01,0.0001,0.1,2,1.0,default,10.573095083236694,2.825757910854708,0.444166905532124,0.8789566356824045,0.3343584431949531,24421,val,/Users/peterflo/Desktop/projects/research/hyperbolic/data/runs/sweep/a453fef039/ckpt.pt,mps,8,30,0,0.9450646716689752,0.9515175735022656,0.6036725910887709,0.612906849393605,1.264157896892019,1.0,2.2743480182702225,1.0,0.737881243553853,0.2983152130357206,1.7313115177037486,7.616737819945873,0.04,0.0714285714285714,0.0512820512820512,1,25,14,17172,0.2109247612392266,0.3082925692988586,11892,0.2706020854355869,0.3494786411032627,Cubism,8,100,0.66,0.4251869163289666,0.2040600126632547,0.0228722603246569,0.991823947429657
c776aefdb3,hyperbolic,8,1.0,30,4096,0.001,0.01,0.0001,0.1,2,3.0,default,10.154796838760376,3.127568232105696,0.3958478358789566,0.8302690307522215,0.3267288351425101,24421,val,/Users/peterflo/Desktop/projects/research/hyperbolic/data/runs/sweep/c776aefdb3/ckpt.pt,mps,8,30,0,0.9964859491512978,0.9953485247667015,0.6971841950688216,0.6946764725272999,1.3558822325048114,1.0,2.244272739596042,1.0,0.7170258912837196,0.0840350363041669,1.6527682544371836,9.772248901466208,0.04,0.0714285714285714,0.0512820512820512,1,25,14,17172,0.2034125320288842,0.2974027486606103,11892,0.2595862764883955,0.3286242852337706,Cubism,8,100,0.27,0.1348413353785872,0.0727572014911253,-0.0132148737460374,0.2974530062079429
141311c241,hyperbolic,16,1.0,30,4096,0.001,0.01,0.0001,0.1,0,0.1,default,10.26335906982422,1.4642091764190617,0.6022275910077393,0.9234675074730764,0.4687390537239622,24421,val,/Users/peterflo/Desktop/projects/research/hyperbolic/data/runs/sweep/141311c241/ckpt.pt,mps,16,30,0,0.3115415107903501,0.2296250121677554,0.0922593456866438,0.1034712963839811,1.0429548339543837,0.0,2.621988882025942,1.0,0.695799876466955,3.156939287593191,1.8358846741438897,5.796746566506454,0.0,0.0,0.0,0,25,14,17172,0.2382948986722571,0.3796878639645935,11892,0.4091826437941473,0.5459132189707366,Cubism,8,100,0.75,7.28157461643219,3.277289289215487,0.5015488290786743,13.100511713027954
dd57e0401d,hyperbolic,16,1.0,30,4096,0.001,0.01,0.0001,0.1,0,0.3,default,10.288572072982788,1.737351195993131,0.5733589943081774,0.9122476557061544,0.4227009361782245,24421,val,/Users/peterflo/Desktop/projects/research/hyperbolic/data/runs/sweep/dd57e0401d/ckpt.pt,mps,16,30,0,0.416617697844703,0.3324481438852346,0.2320698900688316,0.2357534564618406,1.0897588141353751,0.0,2.5542758422113447,1.0,0.7072655725117574,2.7371745060141275,1.8085866923785183,6.3825608461957914,0.0,0.0,0.0,0,25,14,17172,0.2304332634521314,0.3696715583508036,11892,0.3107130844265052,0.4392869155734948,Cubism,8,100,0.8,6.345835618972778,2.632152154615838,0.3557302188873291,11.802502403259275
5115eacf39,hyperbolic,16,1.0,30,4096,0.001,0.01,0.0001,0.1,0,1.0,default,10.10473084449768,2.7691584989092313,0.4438393186192211,0.8885385528848122,0.3387707603875132,24421,val,/Users/peterflo/Desktop/projects/research/hyperbolic/data/runs/sweep/5115eacf39/ckpt.pt,mps,16,30,0,0.9374469089709928,0.9489594687565704,0.5684371299061408,0.576752441651436,1.2669423856516933,1.0,2.278015019879252,1.0,0.7532027683699013,0.387508328781911,1.850236562418338,9.44472063467844,0.04,0.0714285714285714,0.0512820512820512,1,25,14,17172,0.213487071977638,0.3125436757512229,11892,0.2771611167171207,0.3571308442650521,Cubism,8,100,0.75,0.5643005432933569,0.2629638405696056,0.04222172267735,1.3684693384170532
461909c9f0,hyperbolic,16,1.0,30,4096,0.001,0.01,0.0001,0.1,0,3.0,default,10.172046661376951,3.1171843287136527,0.3828262560910692,0.8258056590639204,0.3027526847231611,24421,val,/Users/peterflo/Desktop/projects/research/hyperbolic/data/runs/sweep/461909c9f0/ckpt.pt,mps,16,30,0,0.9964422805787532,0.9953878159180244,0.6903715745240542,0.6869184207655866,1.3963392162483108,1.0,2.262473460721868,1.0,0.7202096602972399,0.0947763412934059,1.6694728334072646,10.334347380846843,0.04,0.0714285714285714,0.0512820512820512,1,25,14,17172,0.2152923363615187,0.3128348474260424,11892,0.274133871510259,0.3472922973427514,Cubism,8,100,0.27,0.1528045948594808,0.0845387026092901,-0.016179199181497,0.349151776432991
89e7c8a85a,hyperbolic,16,1.0,30,4096,0.001,0.01,0.0001,0.1,1,0.1,default,10.13959288597107,1.4732102842697234,0.600343966258548,0.923590352565415,0.4658200134496555,24421,val,/Users/peterflo/Desktop/projects/research/hyperbolic/data/runs/sweep/89e7c8a85a/ckpt.pt,mps,16,30,0,0.3772591742311177,0.3121032693284986,0.1845713407336056,0.1844401881465699,1.0455345808934933,0.0,2.6160860655737705,1.0,0.6943647540983606,3.0637237103007875,1.8321179284512552,5.826210299151206,0.0,0.0,0.0,0,25,14,17172,0.2254833449802003,0.3823084090379688,11892,0.3367810292633703,0.4625798856374033,Cubism,8,100,0.71,7.247840538024902,3.1829299634105177,0.4669153118133545,12.850633878707884
a2dd0c54c9,hyperbolic,16,1.0,30,4096,0.001,0.01,0.0001,0.1,1,0.3,default,9.817771911621094,1.7706256105499436,0.5623438843618197,0.9077842840178536,0.4224399155950507,24421,val,/Users/peterflo/Desktop/projects/research/hyperbolic/data/runs/sweep/a2dd0c54c9/ckpt.pt,mps,16,30,0,0.4558283919799286,0.4446072432819109,0.3023503537360936,0.325215088783749,1.1086360099914008,0.0,2.53312125748503,1.0,0.7069610778443114,2.4601033970366597,1.8034116932836013,6.570935734143964,0.0,0.0,0.0,0,25,14,17172,0.2082459818308875,0.3448054973212205,11892,0.3366128489741002,0.4920114362596703,Cubism,8,100,0.82,5.884751303195953,2.1933353332704772,0.4167610549926758,11.155988817214968
5ec9bbffa0,hyperbolic,16,1.0,30,4096,0.001,0.01,0.0001,0.1,1,1.0,default,9.765134811401367,2.7464078741466857,0.4430203513369641,0.8872691535973138,0.3267012290219439,24421,val,/Users/peterflo/Desktop/projects/research/hyperbolic/data/runs/sweep/5ec9bbffa0/ckpt.pt,mps,16,30,0,0.92160248186821,0.9303886872132842,0.5897438643860686,0.5935141582699888,1.2792678432496625,1.0,2.296794589031025,1.0,0.7461402734891928,0.399088939901072,1.7282789871793356,7.0863386915665085,0.04,0.0714285714285714,0.0512820512820512,1,25,14,17172,0.2158746797111577,0.3155136268343815,11892,0.272452068617558,0.3560376723847965,Cubism,8,100,0.93,0.562490271255374,0.2749610366342825,0.083597190156579,1.411345225572586
676f429cdb,hyperbolic,16,1.0,30,4096,0.001,0.01,0.0001,0.1,1,3.0,default,10.221721172332764,3.1134985710097336,0.3627615576757708,0.826460832889726,0.293647144881701,24421,val,/Users/peterflo/Desktop/projects/research/hyperbolic/data/runs/sweep/676f429cdb/ckpt.pt,mps,16,30,0,0.9963702172414062,0.9954303116667956,0.7036340611311668,0.7034378907520366,1.4148478768273207,1.0,2.2202801696440044,1.0,0.7287623698753374,0.0967659940979014,1.6309136751289843,9.188327132065725,0.04,0.0714285714285714,0.0512820512820512,1,25,14,17172,0.2077801071511763,0.3089913813184253,11892,0.2684998318197107,0.343087790110999,Cubism,8,100,0.3,0.1436902331747114,0.0742224679610296,-0.0113932646997272,0.3359297251701355
fc20daf9fa,hyperbolic,16,1.0,30,4096,0.001,0.01,0.0001,0.1,2,0.1,default,10.015312910079956,1.4725273167206885,0.600630604807338,0.9252282871299292,0.4656725093256039,24421,val,/Users/peterflo/Desktop/projects/research/hyperbolic/data/runs/sweep/fc20daf9fa/ckpt.pt,mps,16,30,0,0.3258776108755768,0.2570473098542483,0.1900389564174938,0.1976971897992611,1.052618647885017,0.0,2.635701835332718,1.0,0.6917871424177177,3.1203298788627536,1.8324749530898672,5.900837193916209,0.0,0.0,0.0,0,25,14,17172,0.2304914977870952,0.3657116235732588,11892,0.3616717120753447,0.5334678775647494,Cubism,8,100,0.68,7.249148445129395,3.1920021527946516,0.3606040430068969,13.041905851364136
204e4c64e4,hyperbolic,16,1.0,30,4096,0.001,0.01,0.0001,0.1,2,0.3,default,9.980389833450316,1.7623168153174311,0.5610335367102084,0.9140903320912328,0.4144235893748857,24421,val,/Users/peterflo/Desktop/projects/research/hyperbolic/data/runs/sweep/204e4c64e4/ckpt.pt,mps,16,30,0,0.4258726407108697,0.4028435360322831,0.2483037114585218,0.2630258347198821,1.125383890913558,0.0,2.563712686567164,1.0,0.7005597014925373,2.6077497905173375,1.7972406741970932,6.714650880733548,0.0,0.0,0.0,0,25,14,17172,0.2169811320754717,0.3375262054507337,11892,0.2836360578540195,0.3904305415405315,Cubism,8,100,0.8,5.814078357219696,2.204435168762906,0.3133401823043823,11.046749200820924
a977d86a77,hyperbolic,16,1.0,30,4096,0.001,0.01,0.0001,0.1,2,1.0,default,10.269905090332031,2.750493740694738,0.4380655992793087,0.8828876786372385,0.3293967368770091,24421,val,/Users/peterflo/Desktop/projects/research/hyperbolic/data/runs/sweep/a977d86a77/ckpt.pt,mps,16,30,0,0.9148202239808524,0.92582826638369,0.5616195070890817,0.5777504647610991,1.2691945456779,1.0,2.2586169204984334,1.0,0.7526051154995264,0.4151035140169687,1.7915806625917383,7.0960751833157785,0.04,0.0714285714285714,0.0512820512820512,1,25,14,17172,0.2173887724202189,0.3173771255532261,11892,0.2766565758493104,0.3521695257315843,Cubism,8,100,0.81,0.4998483289033174,0.2325603597267941,0.0468104522675275,1.3100967288017271
022290fb13,hyperbolic,16,1.0,30,4096,0.001,0.01,0.0001,0.1,2,3.0,default,10.437454223632812,3.1198048182062177,0.3804512509725236,0.8255599688792433,0.2934849107503776,24421,val,/Users/peterflo/Desktop/projects/research/hyperbolic/data/runs/sweep/022290fb13/ckpt.pt,mps,16,30,0,0.996336417146935,0.9953323624491364,0.6969008797581044,0.6963695236029607,1.382293927357602,1.0,2.231130204890945,1.0,0.7289491077329808,0.0906832741222313,1.630801521769214,9.3972380697202,0.04,0.0714285714285714,0.0512820512820512,1,25,14,17172,0.2135453063126019,0.3139995341253203,11892,0.2666498486377396,0.3473763874873865,Cubism,8,100,0.37,0.1223912939615547,0.059677680203398,-0.0130792990513145,0.3008624237775802
49c48c72ae,euclidean,8,,30,4096,0.001,0.01,0.0001,0.1,0,1.0,chronological,8.122591018676758,1.3371063915977637,0.6405962081814831,0.9327627861266944,0.5138144823256184,24421,val,/Users/peterflo/Desktop/projects/research/hyperbolic/data/runs/sweep/49c48c72ae/ckpt.pt,mps,8,30,0,-0.0571930181560147,-0.0179890774412558,0.0188801648146078,0.0358827136106816,1.0144138241677243,0.0,2.8224906004329497,2.0,0.6514754471915233,1.460091411373125,1.956989080806751,6.293048926079856,0.04,0.0714285714285714,0.0512820512820512,1,25,14,17172,0.1412182622874447,0.2119147449336128,11892,0.251849983181971,0.3229902455432223,Cubism,8,100,0.98,2.411208852529526,0.6930278138532345,1.7555459129810334,3.7233717370033266
8448699e14,euclidean,8,,30,4096,0.001,0.01,0.0001,0.1,0,1.0,flat,7.50788688659668,1.3180012594720694,0.648212603906474,0.9330084763113714,0.5257413912560835,24421,val,/Users/peterflo/Desktop/projects/research/hyperbolic/data/runs/sweep/8448699e14/ckpt.pt,mps,8,30,0,-0.1518860817697023,-0.1301906725867031,-0.0103355623243183,0.0108609380736214,1.0291552352483515,0.0,2.9255034338260972,2.0,0.639040856710511,1.4955501753109917,1.9203002188164535,5.479475031843832,0.04,0.0714285714285714,0.0512820512820512,1,25,14,17172,0.141043559282553,0.2082459818308875,11892,0.2496636394214598,0.3205516313488059,Cubism,8,100,0.87,1.7307497853040694,0.5414110319788307,1.2725823551416398,3.108691833019257
363c88f06c,euclidean,8,,30,4096,0.001,0.01,0.0001,0.1,1,1.0,chronological,7.564478397369385,1.310016283809902,0.6454690635109127,0.9347283076041112,0.5223190768941922,24421,val,/Users/peterflo/Desktop/projects/research/hyperbolic/data/runs/sweep/363c88f06c/ckpt.pt,mps,8,30,0,-0.0193755987110765,-0.0019111940521079,0.205151588478935,0.23006752527627,1.0209246140616683,0.0,2.8796488796488795,2.0,0.6458766458766458,1.5526452414769016,1.793483798126056,5.696557384795094,0.04,0.0714285714285714,0.0512820512820512,1,25,14,17172,0.1508851618914512,0.2220475192173305,11892,0.2555499495459132,0.3289606458123107,Cubism,8,100,0.92,2.5000783705711367,0.5283103731753374,1.3009020161628724,3.7465654468536376
489e0f72cc,euclidean,8,,30,4096,0.001,0.01,0.0001,0.1,1,1.0,flat,7.667033195495605,1.2952029496317858,0.6461242373367184,0.934195978870644,0.5185832535418239,24421,val,/Users/peterflo/Desktop/projects/research/hyperbolic/data/runs/sweep/489e0f72cc/ckpt.pt,mps,8,30,0,-0.0540300537630859,-0.0457443746017254,0.2310279391739256,0.2382917763015507,1.0150280496294173,0.0,2.8683175190928027,2.0,0.6455681555195557,1.5715129004497408,1.797399317636892,5.867932975603983,0.0,0.0,0.0,0,25,14,17172,0.142150011646867,0.2161658513859771,11892,0.2626976118398924,0.3375378405650858,Cubism,8,100,0.93,2.3549659633636475,0.530734908609729,1.6859356880187988,3.867870650291443
f0ee62eb30,euclidean,8,,30,4096,0.001,0.01,0.0001,0.1,2,1.0,chronological,7.968792200088501,1.3448590502868407,0.6441177674951886,0.9359977068916095,0.5268065038912593,24421,val,/Users/peterflo/Desktop/projects/research/hyperbolic/data/runs/sweep/f0ee62eb30/ckpt.pt,mps,8,30,0,-0.0705957206646493,-0.0429488509842074,0.1112122035720747,0.1415721487501894,1.0275582490479505,0.0,2.887354734783109,2.0,0.6458405246807042,1.4212380546931698,1.837646693336097,5.012999509146438,0.08,0.1428571428571428,0.1025641025641025,2,25,14,17172,0.1443046820405311,0.214593524341952,11892,0.2573999327278843,0.3298015472586613,Cubism,8,100,0.39,2.0480753952264785,0.7161554848418272,-0.2484440153837204,2.960884943008423
880b46aa71,euclidean,8,,30,4096,0.001,0.01,0.0001,0.1,2,1.0,flat,7.904163122177124,1.3004696498284845,0.6460013922443798,0.9343188239629828,0.536687308464493,24421,val,/Users/peterflo/Desktop/projects/research/hyperbolic/data/runs/sweep/880b46aa71/ckpt.pt,mps,8,30,0,-0.0400030588955904,-0.0177738120909236,0.1940468182234352,0.2248515552730103,1.0336595553007657,0.0,2.9199537304800463,2.0,0.6327356853672643,1.493025873775958,1.815098106979574,4.855198077486103,0.08,0.1428571428571428,0.1025641025641025,2,25,14,17172,0.1405194502678779,0.2056254367575122,11892,0.2594180961991255,0.3344265052135889,Cubism,8,100,0.84,2.395652288198471,0.4998051812535389,1.0673104345798492,3.5409647154808046
42dc19b77d,hyperbolic,8,1.0,30,4096,0.001,0.01,0.0001,0.1,0,1.0,chronological,9.875718116760254,2.0845965042507113,0.5756521026984972,0.9223209532779164,0.4468529392433555,24421,val,/Users/peterflo/Desktop/projects/research/hyperbolic/data/runs/sweep/42dc19b77d/ckpt.pt,mps,8,30,0,-0.0372008599041221,-0.0565154446164703,0.0285374790411256,0.0468794987500467,1.1461856598828877,0.0,2.70105181897134,1.0,0.6780854964778539,1.7759647020162337,1.9133035535336087,5.935191616025415,0.0,0.0,0.0,0,25,14,17172,0.1680642907058001,0.2606568832983927,11892,0.3045745038681466,0.4119576185671039,Cubism,8,100,0.86,2.771698281764984,0.5628573755177236,0.2269093024730682,4.902950828075409
da7deb1283,hyperbolic,8,1.0,30,4096,0.001,0.01,0.0001,0.1,0,1.0,flat,10.240120887756348,2.0380330299463196,0.6012857786331436,0.9282994144383931,0.4780566404447015,24421,val,/Users/peterflo/Desktop/projects/research/hyperbolic/data/runs/sweep/da7deb1283/ckpt.pt,mps,8,30,0,-0.0575253190642319,-0.0401295018813129,-0.0259970719375314,0.0239866905612557,1.0941402890954506,0.0,2.744171716134333,1.0,0.6707404744787923,1.84997630146869,1.921067949607954,6.609412353539129,0.0,0.0,0.0,0,25,14,17172,0.180817610062893,0.2964127649662241,11892,0.3595694584594685,0.4996636394214598,Cubism,8,100,0.86,3.2227834129333495,0.5466466306136631,0.5428815484046936,5.794714589118957
a36d37de0b,hyperbolic,8,1.0,30,4096,0.001,0.01,0.0001,0.1,1,1.0,chronological,9.943832159042358,2.053205441063742,0.5523524835182835,0.9137217968142172,0.4163922032047699,24421,val,/Users/peterflo/Desktop/projects/research/hyperbolic/data/runs/sweep/a36d37de0b/ckpt.pt,mps,8,30,0,0.0592542450746726,0.0564206999962593,0.1745527899222642,0.2003628575549605,1.2286147168420622,0.0,2.744603000365898,2.0,0.6566044639590194,1.9377635343003248,1.898073743885479,7.025720517390554,0.0,0.0,0.0,0,25,14,17172,0.1823899371069182,0.2738760773351968,11892,0.300117726202489,0.393037336024218,Cubism,8,100,0.65,3.1988062119483947,0.5313483583874123,0.0382082438468933,5.597844958305359
90d49c1bed,hyperbolic,8,1.0,30,4096,0.001,0.01,0.0001,0.1,1,1.0,flat,10.12867784500122,1.965741606329989,0.603415093567012,0.9229761271037222,0.4748542265038181,24421,val,/Users/peterflo/Desktop/projects/research/hyperbolic/data/runs/sweep/90d49c1bed/ckpt.pt,mps,8,30,0,-0.1117369032963305,-0.0946285580511764,0.1787778396664615,0.2119171033200078,1.074771712870071,0.0,2.7100671140939596,1.0,0.6731027361899845,2.239656813439152,1.8622968808812603,6.259402429054304,0.0,0.0,0.0,0,25,14,17172,0.1904262753319357,0.3037502911716748,11892,0.3164312142616885,0.412125798856374,Cubism,8,100,0.85,4.533569297790527,0.6320395290479439,0.5742058634757996,8.296423749923706
1eb9dcbef5,hyperbolic,8,1.0,30,4096,0.001,0.01,0.0001,0.1,2,1.0,chronological,9.709103107452393,2.0774547067986413,0.5728266655747103,0.9162605953892142,0.4458526087005052,24421,val,/Users/peterflo/Desktop/projects/research/hyperbolic/data/runs/sweep/1eb9dcbef5/ckpt.pt,mps,8,30,0,0.0165494391362974,0.0346180122611895,0.1673603657742894,0.1725246588518064,1.1812784079276033,0.0,2.7653374233128836,1.0,0.6578796012269938,1.862582343217806,1.8771164513333272,6.371388722485213,0.04,0.0714285714285714,0.0512820512820512,1,25,14,17172,0.1748194735616119,0.2679361751688796,11892,0.3039017827110662,0.4064917591658257,Cubism,8,100,0.56,3.044666112661362,0.5123042627975787,-0.0402618587017059,5.3227428150177
3737cf4347,hyperbolic,8,1.0,30,4096,0.001,0.01,0.0001,0.1,2,1.0,flat,9.934279918670654,1.945974448648719,0.6084107939887802,0.9178575815896156,0.4809850353258028,24421,val,/Users/peterflo/Desktop/projects/research/hyperbolic/data/runs/sweep/3737cf4347/ckpt.pt,mps,8,30,0,-0.0720493764386449,-0.0459114316600091,0.125710646304958,0.1683680173006993,1.0707587731870112,0.0,2.734392972916449,1.0,0.6646449858830911,2.289007789755902,1.862177641484991,5.824290736934554,0.0,0.0,0.0,0,25,14,17172,0.1694036804099697,0.2735266713254135,11892,0.3485536495122772,0.4749411368987554,Cubism,8,100,0.83,4.89402982711792,1.0350492477618398,0.4095691990852356,9.092705483436584
